{
  "phase": "Middlegame",
  "o4-mini": {
    "games_processed": 30,
    "avg_delta_win_pct": -2.3246550217479283,
    "avg_eval_delta_cp": -51.23276438013644,
    "avg_cp_loss": 103.81994712669888,
    "avg_win_pct": 48.74067264875018,
    "classification_rates": {
      "blunder": 0.022509209983102334,
      "inaccuracy": 0.016952603575324472,
      "mistake": 0.003733261274244881,
      "best": 0.2323773442791478,
      "ok": 0.7035508878279448
    }
  }
}