{
  "phase": "Middlegame",
  "o4-mini": {
    "games_processed": 30,
    "white": {
      "avg_delta_win_pct": -2.199665844228902,
      "avg_eval_delta_cp": -45.80289372184458,
      "avg_cp_loss": 96.71791688726364,
      "avg_win_pct": 79.51360614968723,
      "classification_rates": {
        "blunder": 0.02422876791510068,
        "inaccuracy": 0.01622150997150997,
        "mistake": 0.0018518518518518517,
        "best": 0.21936339490356768,
        "ok": 0.710781328209946
      }
    },
    "black": {
      "avg_delta_win_pct": -2.4594695029548785,
      "avg_eval_delta_cp": -56.92151483750168,
      "avg_cp_loss": 111.66171436907892,
      "avg_win_pct": 16.381981549271156,
      "classification_rates": {
        "blunder": 0.020797187561893443,
        "inaccuracy": 0.0177688651218063,
        "mistake": 0.005635997988939165,
        "best": 0.24506187640475566,
        "ok": 0.6978717150582475
      }
    },
    "total": {
      "avg_delta_win_pct": -2.3246550217479283,
      "avg_eval_delta_cp": -51.23276438013644,
      "avg_cp_loss": 103.81994712669888,
      "avg_win_pct": 48.74067264875018,
      "classification_rates": {
        "blunder": 0.022509209983102334,
        "inaccuracy": 0.016952603575324472,
        "mistake": 0.003733261274244881,
        "best": 0.2323773442791478,
        "ok": 0.7035508878279448
      }
    }
  }
}