{
  "phase": "Opening",
  "o4-mini": {
    "games_processed": 30,
    "avg_delta_win_pct": -10.397616768272254,
    "avg_eval_delta_cp": -173.86031746031748,
    "avg_cp_loss": 177.1079365079365,
    "avg_win_pct": 43.853152865710406,
    "classification_rates": {
      "blunder": 0.09682539682539683,
      "inaccuracy": 0.16984126984126982,
      "mistake": 0.05873015873015873,
      "best": 0.13333333333333333,
      "ok": 0.5412698412698412
    }
  }
}