{
  "phase": "Overall",
  "o4-mini": {
    "games_processed": 30,
    "avg_delta_win_pct": -4.080324951197659,
    "avg_eval_delta_cp": -78.9984787840058,
    "avg_cp_loss": 114.55056269725694,
    "avg_win_pct": 48.22825092710079,
    "classification_rates": {
      "blunder": 0.040134574623202246,
      "inaccuracy": 0.05291580083935963,
      "mistake": 0.019805698998812366,
      "best": 0.20280010416258767,
      "ok": 0.6718901437756178
    }
  }
}