{
  "phase": "Middlegame",
  "grok-3-mini-beta": {
    "games_processed": 30,
    "white": {
      "avg_delta_win_pct": -6.648597403246649,
      "avg_eval_delta_cp": -149.42939085087067,
      "avg_cp_loss": 191.77019723826612,
      "avg_win_pct": 70.89229923379699,
      "classification_rates": {
        "blunder": 0.0770626120013974,
        "inaccuracy": 0.038805330719517556,
        "mistake": 0.02259176009176009,
        "best": 0.11015348841197371,
        "ok": 0.7102316313659744
      }
    },
    "black": {
      "avg_delta_win_pct": -6.707526924150499,
      "avg_eval_delta_cp": -151.98315353224217,
      "avg_cp_loss": 192.9558650250129,
      "avg_win_pct": 18.413983773561014,
      "classification_rates": {
        "blunder": 0.07700924501861994,
        "inaccuracy": 0.041780809796664764,
        "mistake": 0.016821315580990502,
        "best": 0.1162767790615328,
        "ok": 0.7130466233717017
      }
    },
    "total": {
      "avg_delta_win_pct": -6.674992498716901,
      "avg_eval_delta_cp": -150.67551957973487,
      "avg_cp_loss": 192.30157920586643,
      "avg_win_pct": 44.896674153749544,
      "classification_rates": {
        "blunder": 0.07690622838012794,
        "inaccuracy": 0.040231848438437606,
        "mistake": 0.01983460486203697,
        "best": 0.11332276866003714,
        "ok": 0.7114581425078318
      }
    }
  }
}