{
  "phase": "Middlegame",
  "lvl-5_vs_o3-2025-04-16-low": {
    "games_processed": 30,
    "white": {
      "avg_delta_win_pct": -7.321072698056649,
      "avg_eval_delta_cp": -144.90117089725274,
      "avg_cp_loss": 155.72995812536678,
      "avg_win_pct": 56.54061827744204,
      "classification_rates": {
        "blunder": 0.08007484693817031,
        "inaccuracy": 0.05303623042280029,
        "mistake": 0.027592592592592592,
        "best": 0.3208078125097537,
        "ok": 0.4848652081087759
      }
    },
    "black": {
      "avg_delta_win_pct": -6.4823490276312805,
      "avg_eval_delta_cp": -123.05166087581722,
      "avg_cp_loss": 141.10274339809945,
      "avg_win_pct": 37.79954125313736,
      "classification_rates": {
        "blunder": 0.06071698854980589,
        "inaccuracy": 0.04617548773895523,
        "mistake": 0.04731899192425508,
        "best": 0.30386210109120326,
        "ok": 0.5351045352709439
      }
    },
    "total": {
      "avg_delta_win_pct": -6.900358593835215,
      "avg_eval_delta_cp": -134.4946435675112,
      "avg_cp_loss": 147.88742292320305,
      "avg_win_pct": 48.25456146574365,
      "classification_rates": {
        "blunder": 0.07039568867891084,
        "inaccuracy": 0.0497663324578249,
        "mistake": 0.03712154794958357,
        "best": 0.31594430699719067,
        "ok": 0.5032166932210239
      }
    }
  }
}