{
  "phase": "Overall",
  "lvl-5_vs_o3-2025-04-16-low": {
    "games_processed": 30,
    "white": {
      "avg_delta_win_pct": -6.715225176092201,
      "avg_eval_delta_cp": -117.27112623368451,
      "avg_cp_loss": 141.90133373192043,
      "avg_win_pct": 37.37210965827383,
      "classification_rates": {
        "blunder": 0.07091904931208834,
        "inaccuracy": 0.06254884077516704,
        "mistake": 0.03720602435648047,
        "best": 0.2429294006528658,
        "ok": 0.5802223494776
      }
    },
    "black": {
      "avg_delta_win_pct": -6.260262073218773,
      "avg_eval_delta_cp": -122.94120438339014,
      "avg_cp_loss": 139.26172140456734,
      "avg_win_pct": 56.51514477887187,
      "classification_rates": {
        "blunder": 0.07348826504490784,
        "inaccuracy": 0.0542216371359256,
        "mistake": 0.027258888222344204,
        "best": 0.267548836386175,
        "ok": 0.5632028681241918
      }
    },
    "total": {
      "avg_delta_win_pct": -6.486526686587951,
      "avg_eval_delta_cp": -120.03955571015702,
      "avg_cp_loss": 140.5446750081757,
      "avg_win_pct": 46.95066799307397,
      "classification_rates": {
        "blunder": 0.07219224762571025,
        "inaccuracy": 0.05837524967913836,
        "mistake": 0.03222979171866985,
        "best": 0.2553151895191855,
        "ok": 0.5716287623993395
      }
    }
  }
}