{
  "phase": "Middlegame",
  "grok-3-mini-beta-low": {
    "games_processed": 30,
    "avg_delta_win_pct": -12.070396833227893,
    "avg_eval_delta_cp": -254.29587377605927,
    "avg_cp_loss": 281.82274724719275,
    "avg_win_pct": 43.940923001204915,
    "classification_rates": {
      "blunder": 0.15770457637167345,
      "inaccuracy": 0.06775618524051237,
      "mistake": 0.037590498661071364,
      "best": 0.08465086066665599,
      "ok": 0.6481678248896309
    }
  }
}