{
  "phase": "Opening",
  "grok-3-mini-beta-low": {
    "games_processed": 30,
    "avg_delta_win_pct": -12.80785813114004,
    "avg_eval_delta_cp": -199.2634126984127,
    "avg_cp_loss": 200.55674603174603,
    "avg_win_pct": 42.94926042782039,
    "classification_rates": {
      "blunder": 0.14634920634920634,
      "inaccuracy": 0.18285714285714286,
      "mistake": 0.06992063492063491,
      "best": 0.10825396825396826,
      "ok": 0.4926190476190476
    }
  }
}