{
  "phase": "Opening",
  "grok-3-mini-beta-low": {
    "games_processed": 30,
    "white": {
      "avg_delta_win_pct": -14.048662529202279,
      "avg_eval_delta_cp": -220.9439393939394,
      "avg_cp_loss": 221.32575757575756,
      "avg_win_pct": 25.384954166890537,
      "classification_rates": {
        "blunder": 0.14909090909090908,
        "inaccuracy": 0.21303030303030301,
        "mistake": 0.07909090909090909,
        "best": 0.04575757575757576,
        "ok": 0.5130303030303031
      }
    },
    "black": {
      "avg_delta_win_pct": -11.457639852322911,
      "avg_eval_delta_cp": -175.61666666666667,
      "avg_cp_loss": 177.90333333333334,
      "avg_win_pct": 62.1068622461624,
      "classification_rates": {
        "blunder": 0.14333333333333334,
        "inaccuracy": 0.15,
        "mistake": 0.060000000000000005,
        "best": 0.17666666666666667,
        "ok": 0.47000000000000003
      }
    },
    "total": {
      "avg_delta_win_pct": -12.80785813114004,
      "avg_eval_delta_cp": -199.2634126984127,
      "avg_cp_loss": 200.55674603174603,
      "avg_win_pct": 42.94926042782039,
      "classification_rates": {
        "blunder": 0.14634920634920634,
        "inaccuracy": 0.18285714285714286,
        "mistake": 0.06992063492063491,
        "best": 0.10825396825396826,
        "ok": 0.4926190476190476
      }
    }
  }
}