{
  "phase": "Overall",
  "grok-3-mini-beta-low": {
    "games_processed": 30,
    "white": {
      "avg_delta_win_pct": -10.549202660196526,
      "avg_eval_delta_cp": -208.53499012691287,
      "avg_cp_loss": 237.9714476533714,
      "avg_win_pct": 9.728286088384113,
      "classification_rates": {
        "blunder": 0.13741784583154917,
        "inaccuracy": 0.0795192098596474,
        "mistake": 0.0320985788877055,
        "best": 0.1136725546121609,
        "ok": 0.6359855725351531
      }
    },
    "black": {
      "avg_delta_win_pct": -10.234676859879686,
      "avg_eval_delta_cp": -208.75709993318787,
      "avg_cp_loss": 235.68430270686355,
      "avg_win_pct": 80.18175318363465,
      "classification_rates": {
        "blunder": 0.1359154840132982,
        "inaccuracy": 0.06697372179713054,
        "mistake": 0.02817383392960743,
        "best": 0.09820548198924872,
        "ok": 0.6652086330219562
      }
    },
    "total": {
      "avg_delta_win_pct": -10.392538451204748,
      "avg_eval_delta_cp": -208.64691848447,
      "avg_cp_loss": 236.83975295077065,
      "avg_win_pct": 44.9098394785042,
      "classification_rates": {
        "blunder": 0.13666870717037952,
        "inaccuracy": 0.07327167092303657,
        "mistake": 0.03015159221090247,
        "best": 0.10592572654618265,
        "ok": 0.6505634237937649
      }
    }
  }
}