{
  "phase": "Overall",
  "grok-3-mini-beta-low": {
    "games_processed": 30,
    "avg_delta_win_pct": -10.392538451204748,
    "avg_eval_delta_cp": -208.64691848447,
    "avg_cp_loss": 236.83975295077065,
    "avg_win_pct": 44.9098394785042,
    "classification_rates": {
      "blunder": 0.13666870717037952,
      "inaccuracy": 0.07327167092303657,
      "mistake": 0.03015159221090247,
      "best": 0.10592572654618265,
      "ok": 0.6505634237937649
    }
  }
}