{
  "phase": "Middlegame",
  "gpt-4.1-mini-2025-04-14": {
    "games_processed": 30,
    "avg_delta_win_pct": -25.91674605538188,
    "avg_eval_delta_cp": -463.10066623700544,
    "avg_cp_loss": 474.2672764791345,
    "avg_win_pct": 37.075845563560165,
    "classification_rates": {
      "blunder": 0.32447404662982793,
      "inaccuracy": 0.14162520699801023,
      "mistake": 0.1162405040867592,
      "best": 0.02614959024850208,
      "ok": 0.38186589479330824
    }
  }
}