{
  "phase": "Middlegame",
  "gpt-4.1-mini-2025-04-14": {
    "games_processed": 30,
    "white": {
      "avg_delta_win_pct": -25.92565079846368,
      "avg_eval_delta_cp": -461.7803300577486,
      "avg_cp_loss": 476.5109977113202,
      "avg_win_pct": 24.15345643398268,
      "classification_rates": {
        "blunder": 0.3303333079554114,
        "inaccuracy": 0.13715206518628134,
        "mistake": 0.10379604482362999,
        "best": 0.028495908392884947,
        "ok": 0.3833448455874937
      }
    },
    "black": {
      "avg_delta_win_pct": -25.987837577955645,
      "avg_eval_delta_cp": -465.5320661156427,
      "avg_cp_loss": 472.4076163333717,
      "avg_win_pct": 50.35583811326994,
      "classification_rates": {
        "blunder": 0.31869296767605826,
        "inaccuracy": 0.14489841962847427,
        "mistake": 0.13200710706169627,
        "best": 0.023676499124730126,
        "ok": 0.3799119983789598
      }
    },
    "total": {
      "avg_delta_win_pct": -25.91674605538188,
      "avg_eval_delta_cp": -463.10066623700544,
      "avg_cp_loss": 474.2672764791345,
      "avg_win_pct": 37.075845563560165,
      "classification_rates": {
        "blunder": 0.32447404662982793,
        "inaccuracy": 0.14162520699801023,
        "mistake": 0.1162405040867592,
        "best": 0.02614959024850208,
        "ok": 0.38186589479330824
      }
    }
  }
}