{
  "phase": "Opening",
  "gpt-4.1-mini-2025-04-14": {
    "games_processed": 30,
    "white": {
      "avg_delta_win_pct": -20.20425293529827,
      "avg_eval_delta_cp": -285.1636363636364,
      "avg_cp_loss": 285.3030303030303,
      "avg_win_pct": 38.85150978072002,
      "classification_rates": {
        "blunder": 0.28484848484848485,
        "inaccuracy": 0.19696969696969696,
        "mistake": 0.08484848484848485,
        "best": 0.030303030303030304,
        "ok": 0.403030303030303
      }
    },
    "black": {
      "avg_delta_win_pct": -20.19455537411418,
      "avg_eval_delta_cp": -284.18,
      "avg_cp_loss": 284.7133333333333,
      "avg_win_pct": 40.38866793218926,
      "classification_rates": {
        "blunder": 0.3,
        "inaccuracy": 0.17333333333333334,
        "mistake": 0.10333333333333333,
        "best": 0.06666666666666667,
        "ok": 0.3566666666666667
      }
    },
    "total": {
      "avg_delta_win_pct": -20.199635049020134,
      "avg_eval_delta_cp": -284.6952380952381,
      "avg_cp_loss": 285.02222222222224,
      "avg_win_pct": 39.58348985284823,
      "classification_rates": {
        "blunder": 0.2920634920634921,
        "inaccuracy": 0.1857142857142857,
        "mistake": 0.09365079365079365,
        "best": 0.047619047619047616,
        "ok": 0.38095238095238093
      }
    }
  }
}