{
  "phase": "Opening",
  "gpt-4.1-mini-2025-04-14": {
    "games_processed": 30,
    "avg_delta_win_pct": -20.199635049020134,
    "avg_eval_delta_cp": -284.6952380952381,
    "avg_cp_loss": 285.02222222222224,
    "avg_win_pct": 39.58348985284823,
    "classification_rates": {
      "blunder": 0.2920634920634921,
      "inaccuracy": 0.1857142857142857,
      "mistake": 0.09365079365079365,
      "best": 0.047619047619047616,
      "ok": 0.38095238095238093
    }
  }
}