{
  "phase": "Overall",
  "gpt-4.1-mini-2025-04-14": {
    "games_processed": 30,
    "avg_delta_win_pct": -23.28446932682528,
    "avg_eval_delta_cp": -408.4960740801149,
    "avg_cp_loss": 418.0635413961329,
    "avg_win_pct": 38.37869751676128,
    "classification_rates": {
      "blunder": 0.3057589390336682,
      "inaccuracy": 0.14122208442192355,
      "mistake": 0.08867032560332055,
      "best": 0.033529509710940895,
      "ok": 0.427169868852508
    }
  }
}