{
  "phase": "Opening",
  "lvl-3_vs_o3-2025-04-16-low": {
    "games_processed": 30,
    "white": {
      "avg_delta_win_pct": -9.136665695007123,
      "avg_eval_delta_cp": -134.05454545454546,
      "avg_cp_loss": 135.64242424242425,
      "avg_win_pct": 33.62535241484087,
      "classification_rates": {
        "blunder": 0.07575757575757576,
        "inaccuracy": 0.11818181818181818,
        "mistake": 0.051515151515151514,
        "best": 0.15757575757575756,
        "ok": 0.5969696969696969
      }
    },
    "black": {
      "avg_delta_win_pct": -6.657879066000095,
      "avg_eval_delta_cp": -91.37333333333333,
      "avg_cp_loss": 95.28,
      "avg_win_pct": 58.31862995285859,
      "classification_rates": {
        "blunder": 0.07666666666666667,
        "inaccuracy": 0.08666666666666667,
        "mistake": 0.016666666666666666,
        "best": 0.2966666666666667,
        "ok": 0.5233333333333333
      }
    },
    "total": {
      "avg_delta_win_pct": -7.956291109765681,
      "avg_eval_delta_cp": -113.73015873015873,
      "avg_cp_loss": 116.42222222222222,
      "avg_win_pct": 45.38405600437312,
      "classification_rates": {
        "blunder": 0.07619047619047618,
        "inaccuracy": 0.10317460317460317,
        "mistake": 0.03492063492063492,
        "best": 0.2238095238095238,
        "ok": 0.5619047619047619
      }
    }
  }
}