{
  "phase": "Overall",
  "lvl-3_vs_o3-2025-04-16-low": {
    "games_processed": 30,
    "white": {
      "avg_delta_win_pct": -5.165639013737617,
      "avg_eval_delta_cp": -95.51277176272563,
      "avg_cp_loss": 115.76938103958068,
      "avg_win_pct": 21.10655059855458,
      "classification_rates": {
        "blunder": 0.05568167582578654,
        "inaccuracy": 0.050235446165270654,
        "mistake": 0.019538919405216983,
        "best": 0.24900934430293728,
        "ok": 0.6219863071798452
      }
    },
    "black": {
      "avg_delta_win_pct": -4.275367935561126,
      "avg_eval_delta_cp": -74.87444901270084,
      "avg_cp_loss": 110.71378825951659,
      "avg_win_pct": 74.84869659388505,
      "classification_rates": {
        "blunder": 0.04852549885215164,
        "inaccuracy": 0.03905080515076407,
        "mistake": 0.016091794719446644,
        "best": 0.2786870594218019,
        "ok": 0.59737983300684
      }
    },
    "total": {
      "avg_delta_win_pct": -4.719826090294173,
      "avg_eval_delta_cp": -85.18920168512646,
      "avg_cp_loss": 113.23447093421424,
      "avg_win_pct": 47.9377124681654,
      "classification_rates": {
        "blunder": 0.052107871720468504,
        "inaccuracy": 0.04461915713066373,
        "mistake": 0.017810885674693272,
        "best": 0.26389469665650594,
        "ok": 0.6096372217364155
      }
    }
  }
}