{
  "phase": "Middlegame",
  "o4-mini": {
    "games_processed": 30,
    "white": {
      "avg_delta_win_pct": -2.5160032908246124,
      "avg_eval_delta_cp": -63.56206542514733,
      "avg_cp_loss": 99.43756522641844,
      "avg_win_pct": 77.99018868946257,
      "classification_rates": {
        "blunder": 0.022211052994805854,
        "inaccuracy": 0.022965566089135882,
        "mistake": 0.0,
        "best": 0.20435036750614216,
        "ok": 0.6913753997805687
      }
    },
    "black": {
      "avg_delta_win_pct": -3.1554561060563895,
      "avg_eval_delta_cp": -76.90392868666324,
      "avg_cp_loss": 107.82121047707318,
      "avg_win_pct": 14.738727199942872,
      "classification_rates": {
        "blunder": 0.028877719661472522,
        "inaccuracy": 0.016410470620996938,
        "mistake": 0.0,
        "best": 0.2327762039901628,
        "ok": 0.6680272333979428
      }
    },
    "total": {
      "avg_delta_win_pct": -2.8135269916459644,
      "avg_eval_delta_cp": -69.81032829489995,
      "avg_cp_loss": 103.26344765651733,
      "avg_win_pct": 46.84633925004859,
      "classification_rates": {
        "blunder": 0.025241356025108883,
        "inaccuracy": 0.019680583110098893,
        "mistake": 0.0,
        "best": 0.21859589662767065,
        "ok": 0.6793898642312779
      }
    }
  }
}