{
  "phase": "Middlegame",
  "lvl-2_vs_grok-3-mini-beta-high": {
    "games_processed": 30,
    "white": {
      "avg_delta_win_pct": -9.9545762922454,
      "avg_eval_delta_cp": -189.1670603419733,
      "avg_cp_loss": 209.05879841789533,
      "avg_win_pct": 58.22457222967955,
      "classification_rates": {
        "blunder": 0.1270425572654342,
        "inaccuracy": 0.06218877113838664,
        "mistake": 0.03425491409520505,
        "best": 0.19775660065620618,
        "ok": 0.5693485546942303
      }
    },
    "black": {
      "avg_delta_win_pct": -10.437029463402432,
      "avg_eval_delta_cp": -203.3411561230345,
      "avg_cp_loss": 215.87047053949408,
      "avg_win_pct": 30.243145134500978,
      "classification_rates": {
        "blunder": 0.1297529749355351,
        "inaccuracy": 0.06289538381993438,
        "mistake": 0.03216660613622542,
        "best": 0.210405060525001,
        "ok": 0.5579380789242041
      }
    },
    "total": {
      "avg_delta_win_pct": -10.177294320591178,
      "avg_eval_delta_cp": -195.6322582628351,
      "avg_cp_loss": 211.88534519865678,
      "avg_win_pct": 44.71776115079216,
      "classification_rates": {
        "blunder": 0.12824817509873632,
        "inaccuracy": 0.06271302983344733,
        "mistake": 0.03322693075414381,
        "best": 0.20507151149461397,
        "ok": 0.5620110521401721
      }
    }
  }
}