{
  "phase": "Middlegame",
  "lvl-2_vs_grok-3-mini-beta-high": {
    "games_processed": 30,
    "avg_delta_win_pct": -10.177294320591178,
    "avg_eval_delta_cp": -195.6322582628351,
    "avg_cp_loss": 211.88534519865678,
    "avg_win_pct": 44.71776115079216,
    "classification_rates": {
      "blunder": 0.12824817509873632,
      "inaccuracy": 0.06271302983344733,
      "mistake": 0.03322693075414381,
      "best": 0.20507151149461397,
      "ok": 0.5620110521401721
    }
  }
}