{
  "phase": "Opening",
  "lvl-2_vs_grok-3-mini-beta-high": {
    "games_processed": 30,
    "white": {
      "avg_delta_win_pct": -11.4397252325685,
      "avg_eval_delta_cp": -163.33939393939394,
      "avg_cp_loss": 164.35757575757575,
      "avg_win_pct": 39.462569563805914,
      "classification_rates": {
        "blunder": 0.12121212121212122,
        "inaccuracy": 0.1303030303030303,
        "mistake": 0.06363636363636364,
        "best": 0.1393939393939394,
        "ok": 0.5454545454545454
      }
    },
    "black": {
      "avg_delta_win_pct": -10.94807545728956,
      "avg_eval_delta_cp": -152.58666666666667,
      "avg_cp_loss": 153.92666666666668,
      "avg_win_pct": 49.389198965444585,
      "classification_rates": {
        "blunder": 0.15333333333333335,
        "inaccuracy": 0.11666666666666667,
        "mistake": 0.05666666666666667,
        "best": 0.19333333333333333,
        "ok": 0.48
      }
    },
    "total": {
      "avg_delta_win_pct": -11.205606291959482,
      "avg_eval_delta_cp": -158.21904761904761,
      "avg_cp_loss": 159.3904761904762,
      "avg_win_pct": 44.189535945538616,
      "classification_rates": {
        "blunder": 0.1365079365079365,
        "inaccuracy": 0.1238095238095238,
        "mistake": 0.06031746031746031,
        "best": 0.16507936507936508,
        "ok": 0.5142857142857142
      }
    }
  }
}