{
  "phase": "Opening",
  "lvl-2_vs_grok-3-mini-beta-high": {
    "games_processed": 30,
    "avg_delta_win_pct": -11.205606291959482,
    "avg_eval_delta_cp": -158.21904761904761,
    "avg_cp_loss": 159.3904761904762,
    "avg_win_pct": 44.189535945538616,
    "classification_rates": {
      "blunder": 0.1365079365079365,
      "inaccuracy": 0.1238095238095238,
      "mistake": 0.06031746031746031,
      "best": 0.16507936507936508,
      "ok": 0.5142857142857142
    }
  }
}