{
  "phase": "Overall",
  "lvl-2_vs_grok-3-mini-beta-high": {
    "games_processed": 30,
    "white": {
      "avg_delta_win_pct": -6.787370358083924,
      "avg_eval_delta_cp": -125.86417634939656,
      "avg_cp_loss": 144.27197029957415,
      "avg_win_pct": 25.476387772552073,
      "classification_rates": {
        "blunder": 0.08452594910759148,
        "inaccuracy": 0.047239100489815916,
        "mistake": 0.023828819897757345,
        "best": 0.2249050424589451,
        "ok": 0.6133896983685505
      }
    },
    "black": {
      "avg_delta_win_pct": -6.6793539303228675,
      "avg_eval_delta_cp": -125.62019842456719,
      "avg_cp_loss": 150.575633693794,
      "avg_win_pct": 68.08277675459827,
      "classification_rates": {
        "blunder": 0.09133380651582756,
        "inaccuracy": 0.04382804656367959,
        "mistake": 0.02223733362881966,
        "best": 0.16458793266298904,
        "ok": 0.6717687154027318
      }
    },
    "total": {
      "avg_delta_win_pct": -6.732412948702867,
      "avg_eval_delta_cp": -125.72064389512774,
      "avg_cp_loss": 147.39592515179956,
      "avg_win_pct": 46.76371482524927,
      "classification_rates": {
        "blunder": 0.087905711682711,
        "inaccuracy": 0.04552235206732314,
        "mistake": 0.023034031491464612,
        "best": 0.19484599768855287,
        "ok": 0.6424873406248213
      }
    }
  }
}