{
  "phase": "Overall",
  "lvl-2_vs_grok-3-mini-beta-high": {
    "games_processed": 30,
    "avg_delta_win_pct": -6.732412948702867,
    "avg_eval_delta_cp": -125.72064389512774,
    "avg_cp_loss": 147.39592515179956,
    "avg_win_pct": 46.76371482524927,
    "classification_rates": {
      "blunder": 0.087905711682711,
      "inaccuracy": 0.04552235206732314,
      "mistake": 0.023034031491464612,
      "best": 0.19484599768855287,
      "ok": 0.6424873406248213
    }
  }
}