{
  "phase": "Middlegame",
  "grok-3-mini-beta": {
    "games_processed": 30,
    "white": {
      "avg_delta_win_pct": -9.28809256965634,
      "avg_eval_delta_cp": -208.0193896436519,
      "avg_cp_loss": 228.5067953919676,
      "avg_win_pct": 69.24958660403237,
      "classification_rates": {
        "blunder": 0.10721044943314359,
        "inaccuracy": 0.06377727081122038,
        "mistake": 0.024303205243808832,
        "best": 0.11725387473975864,
        "ok": 0.6857101855270543
      }
    },
    "black": {
      "avg_delta_win_pct": -9.123899972528914,
      "avg_eval_delta_cp": -200.55675308811936,
      "avg_cp_loss": 222.6886980631297,
      "avg_win_pct": 21.335512304428924,
      "classification_rates": {
        "blunder": 0.10670000387790711,
        "inaccuracy": 0.05327993426526467,
        "mistake": 0.017233880259992503,
        "best": 0.10472934127877939,
        "ok": 0.7131652863228962
      }
    },
    "total": {
      "avg_delta_win_pct": -9.206188816390792,
      "avg_eval_delta_cp": -204.30088096505983,
      "avg_cp_loss": 225.60280434917334,
      "avg_win_pct": 45.393579196973796,
      "classification_rates": {
        "blunder": 0.10695602736547144,
        "inaccuracy": 0.058524924466706554,
        "mistake": 0.020814971858548297,
        "best": 0.1109917734321647,
        "ok": 0.6993798308751868
      }
    }
  }
}