{
  "phase": "Middlegame",
  "grok-3-mini-beta": {
    "games_processed": 30,
    "avg_delta_win_pct": -9.206188816390792,
    "avg_eval_delta_cp": -204.30088096505983,
    "avg_cp_loss": 225.60280434917334,
    "avg_win_pct": 45.393579196973796,
    "classification_rates": {
      "blunder": 0.10695602736547144,
      "inaccuracy": 0.058524924466706554,
      "mistake": 0.020814971858548297,
      "best": 0.1109917734321647,
      "ok": 0.6993798308751868
    }
  }
}