{
  "phase": "Opening",
  "grok-3-mini-beta": {
    "games_processed": 30,
    "avg_delta_win_pct": -12.948283431351816,
    "avg_eval_delta_cp": -213.37460317460318,
    "avg_cp_loss": 214.53333333333333,
    "avg_win_pct": 42.691968376645384,
    "classification_rates": {
      "blunder": 0.14761904761904762,
      "inaccuracy": 0.2095238095238095,
      "mistake": 0.06825396825396825,
      "best": 0.09841269841269841,
      "ok": 0.47619047619047616
    }
  }
}