{
  "phase": "Opening",
  "grok-3-mini-beta": {
    "games_processed": 30,
    "white": {
      "avg_delta_win_pct": -14.25808337196233,
      "avg_eval_delta_cp": -234.92727272727274,
      "avg_cp_loss": 235.6060606060606,
      "avg_win_pct": 24.91119414049883,
      "classification_rates": {
        "blunder": 0.15454545454545454,
        "inaccuracy": 0.23636363636363636,
        "mistake": 0.08484848484848485,
        "best": 0.06666666666666667,
        "ok": 0.4575757575757576
      }
    },
    "black": {
      "avg_delta_win_pct": -11.507503496680249,
      "avg_eval_delta_cp": -189.66666666666666,
      "avg_cp_loss": 191.35333333333332,
      "avg_win_pct": 62.250820036406594,
      "classification_rates": {
        "blunder": 0.14,
        "inaccuracy": 0.18,
        "mistake": 0.05,
        "best": 0.13333333333333333,
        "ok": 0.49666666666666665
      }
    },
    "total": {
      "avg_delta_win_pct": -12.948283431351816,
      "avg_eval_delta_cp": -213.37460317460318,
      "avg_cp_loss": 214.53333333333333,
      "avg_win_pct": 42.691968376645384,
      "classification_rates": {
        "blunder": 0.14761904761904762,
        "inaccuracy": 0.2095238095238095,
        "mistake": 0.06825396825396825,
        "best": 0.09841269841269841,
        "ok": 0.47619047619047616
      }
    }
  }
}