{
  "phase": "Overall",
  "grok-3-mini-beta": {
    "games_processed": 30,
    "white": {
      "avg_delta_win_pct": -7.588461655483387,
      "avg_eval_delta_cp": -153.45432726484012,
      "avg_cp_loss": 180.29657603373153,
      "avg_win_pct": 7.818029226393336,
      "classification_rates": {
        "blunder": 0.09383904726865712,
        "inaccuracy": 0.06319657880076537,
        "mistake": 0.02218885407080104,
        "best": 0.15229009272959032,
        "ok": 0.6665680192241221
      }
    },
    "black": {
      "avg_delta_win_pct": -7.357490790988162,
      "avg_eval_delta_cp": -154.38982732525614,
      "avg_cp_loss": 182.4499464467218,
      "avg_win_pct": 84.96954212533515,
      "classification_rates": {
        "blunder": 0.09127370032180972,
        "inaccuracy": 0.057644620278448834,
        "mistake": 0.020324273315018012,
        "best": 0.08511946958237887,
        "ok": 0.7421413091194917
      }
    },
    "total": {
      "avg_delta_win_pct": -7.472791550613064,
      "avg_eval_delta_cp": -153.91406230397098,
      "avg_cp_loss": 181.3685511743676,
      "avg_win_pct": 46.359764098336065,
      "classification_rates": {
        "blunder": 0.09255387236509934,
        "inaccuracy": 0.06042491327573419,
        "mistake": 0.021253654765484287,
        "best": 0.11872416691556822,
        "ok": 0.7043307719047955
      }
    }
  }
}