{
  "phase": "Overall",
  "grok-3-mini-beta": {
    "games_processed": 30,
    "avg_delta_win_pct": -7.472791550613064,
    "avg_eval_delta_cp": -153.91406230397098,
    "avg_cp_loss": 181.3685511743676,
    "avg_win_pct": 46.359764098336065,
    "classification_rates": {
      "blunder": 0.09255387236509934,
      "inaccuracy": 0.06042491327573419,
      "mistake": 0.021253654765484287,
      "best": 0.11872416691556822,
      "ok": 0.7043307719047955
    }
  }
}