{
  "phase": "Middlegame",
  "grok-3-mini-beta": {
    "games_processed": 30,
    "avg_delta_win_pct": -2.2046493981994386,
    "avg_eval_delta_cp": -62.314196003879076,
    "avg_cp_loss": 98.64198890619913,
    "avg_win_pct": 49.02161186944376,
    "classification_rates": {
      "blunder": 0.0214766887775597,
      "inaccuracy": 0.011964660722461246,
      "mistake": 0.004844428143529555,
      "best": 0.14096562924602013,
      "ok": 0.8080450430891033
    }
  }
}