{
  "phase": "Opening",
  "grok-3-mini-beta": {
    "games_processed": 30,
    "white": {
      "avg_delta_win_pct": -13.833827213530428,
      "avg_eval_delta_cp": -224.1757575757576,
      "avg_cp_loss": 225.83636363636364,
      "avg_win_pct": 24.99245551915319,
      "classification_rates": {
        "blunder": 0.14242424242424243,
        "inaccuracy": 0.19696969696969696,
        "mistake": 0.0696969696969697,
        "best": 0.06060606060606061,
        "ok": 0.5303030303030303
      }
    },
    "black": {
      "avg_delta_win_pct": -10.649112841245493,
      "avg_eval_delta_cp": -163.68333333333334,
      "avg_cp_loss": 167.43666666666667,
      "avg_win_pct": 62.60001241302868,
      "classification_rates": {
        "blunder": 0.13,
        "inaccuracy": 0.11333333333333334,
        "mistake": 0.05333333333333334,
        "best": 0.19,
        "ok": 0.5133333333333333
      }
    },
    "total": {
      "avg_delta_win_pct": -12.317296560061411,
      "avg_eval_delta_cp": -195.36984126984126,
      "avg_cp_loss": 198.02698412698413,
      "avg_win_pct": 42.90081594480819,
      "classification_rates": {
        "blunder": 0.1365079365079365,
        "inaccuracy": 0.15714285714285714,
        "mistake": 0.0619047619047619,
        "best": 0.12222222222222222,
        "ok": 0.5222222222222223
      }
    }
  }
}