{
  "phase": "Opening",
  "grok-3-mini-beta": {
    "games_processed": 30,
    "avg_delta_win_pct": -12.317296560061411,
    "avg_eval_delta_cp": -195.36984126984126,
    "avg_cp_loss": 198.02698412698413,
    "avg_win_pct": 42.90081594480819,
    "classification_rates": {
      "blunder": 0.1365079365079365,
      "inaccuracy": 0.15714285714285714,
      "mistake": 0.0619047619047619,
      "best": 0.12222222222222222,
      "ok": 0.5222222222222223
    }
  }
}