{
  "phase": "Overall",
  "grok-3-mini-beta": {
    "games_processed": 30,
    "white": {
      "avg_delta_win_pct": -4.073124598563211,
      "avg_eval_delta_cp": -86.15174264638266,
      "avg_cp_loss": 117.56535476856381,
      "avg_win_pct": 8.172849205961457,
      "classification_rates": {
        "blunder": 0.04097681009643376,
        "inaccuracy": 0.049209694428363336,
        "mistake": 0.016289084966828207,
        "best": 0.16719765093884578,
        "ok": 0.724588161602787
      }
    },
    "black": {
      "avg_delta_win_pct": -3.4955657462377,
      "avg_eval_delta_cp": -74.82168560289028,
      "avg_cp_loss": 107.13825515676206,
      "avg_win_pct": 88.40268298678484,
      "classification_rates": {
        "blunder": 0.035262104352524304,
        "inaccuracy": 0.030596434580392205,
        "mistake": 0.012565732019627539,
        "best": 0.1084066932777966,
        "ok": 0.7976289606039498
      }
    },
    "total": {
      "avg_delta_win_pct": -3.7843415476815836,
      "avg_eval_delta_cp": -80.48802773994943,
      "avg_cp_loss": 112.36433960243849,
      "avg_win_pct": 48.251175900719026,
      "classification_rates": {
        "blunder": 0.0381184993530471,
        "inaccuracy": 0.03991700975841286,
        "mistake": 0.014433311470744102,
        "best": 0.13783477824284548,
        "ok": 0.7610486190428536
      }
    }
  }
}