{
  "phase": "Overall",
  "grok-3-mini-beta": {
    "games_processed": 30,
    "avg_delta_win_pct": -3.7843415476815836,
    "avg_eval_delta_cp": -80.48802773994943,
    "avg_cp_loss": 112.36433960243849,
    "avg_win_pct": 48.251175900719026,
    "classification_rates": {
      "blunder": 0.0381184993530471,
      "inaccuracy": 0.03991700975841286,
      "mistake": 0.014433311470744102,
      "best": 0.13783477824284548,
      "ok": 0.7610486190428536
    }
  }
}