{
  "phase": "Opening",
  "o4-mini": {
    "games_processed": 30,
    "white": {
      "avg_delta_win_pct": -12.002130120848552,
      "avg_eval_delta_cp": -202.70909090909092,
      "avg_cp_loss": 206.66666666666666,
      "avg_win_pct": 23.398902307055756,
      "classification_rates": {
        "blunder": 0.10909090909090909,
        "inaccuracy": 0.18484848484848485,
        "mistake": 0.07272727272727272,
        "best": 0.07272727272727272,
        "ok": 0.5606060606060606
      }
    },
    "black": {
      "avg_delta_win_pct": -8.632652080438326,
      "avg_eval_delta_cp": -142.12666666666667,
      "avg_cp_loss": 144.59333333333333,
      "avg_win_pct": 66.35282848023051,
      "classification_rates": {
        "blunder": 0.08333333333333333,
        "inaccuracy": 0.15333333333333335,
        "mistake": 0.043333333333333335,
        "best": 0.2,
        "ok": 0.52
      }
    },
    "total": {
      "avg_delta_win_pct": -10.397616768272254,
      "avg_eval_delta_cp": -173.86031746031748,
      "avg_cp_loss": 177.1079365079365,
      "avg_win_pct": 43.853152865710406,
      "classification_rates": {
        "blunder": 0.09682539682539683,
        "inaccuracy": 0.16984126984126982,
        "mistake": 0.05873015873015873,
        "best": 0.13333333333333333,
        "ok": 0.5412698412698412
      }
    }
  }
}