{
  "phase": "Overall",
  "o4-mini": {
    "games_processed": 30,
    "white": {
      "avg_delta_win_pct": -4.6066932792502735,
      "avg_eval_delta_cp": -91.64246150210722,
      "avg_cp_loss": 122.4926022915375,
      "avg_win_pct": 10.351503484037691,
      "classification_rates": {
        "blunder": 0.04099697498356239,
        "inaccuracy": 0.06228624483496715,
        "mistake": 0.027011343767395214,
        "best": 0.213495587558505,
        "ok": 0.6539348585830125
      }
    },
    "black": {
      "avg_delta_win_pct": -3.5540093773288137,
      "avg_eval_delta_cp": -66.35353177979339,
      "avg_cp_loss": 106.62239808495887,
      "avg_win_pct": 86.19572793681098,
      "classification_rates": {
        "blunder": 0.03928406811960154,
        "inaccuracy": 0.043543167588653835,
        "mistake": 0.012597798590000299,
        "best": 0.19199425192103195,
        "ok": 0.6899615371845935
      }
    },
    "total": {
      "avg_delta_win_pct": -4.080324951197659,
      "avg_eval_delta_cp": -78.9984787840058,
      "avg_cp_loss": 114.55056269725694,
      "avg_win_pct": 48.22825092710079,
      "classification_rates": {
        "blunder": 0.040134574623202246,
        "inaccuracy": 0.05291580083935963,
        "mistake": 0.019805698998812366,
        "best": 0.20280010416258767,
        "ok": 0.6718901437756178
      }
    }
  }
}