{
  "phase": "Middlegame",
  "lvl-3_vs_o3-2025-04-16-low": {
    "games_processed": 30,
    "avg_delta_win_pct": -4.558100305727917,
    "avg_eval_delta_cp": -102.46099644488342,
    "avg_cp_loss": 119.05357346182706,
    "avg_win_pct": 47.857287474612974,
    "classification_rates": {
      "blunder": 0.05474856014334804,
      "inaccuracy": 0.033737864663757396,
      "mistake": 0.009727976701660913,
      "best": 0.31478910160903173,
      "ok": 0.5696157535461853
    }
  }
}