{
  "phase": "Middlegame",
  "lvl-3_vs_o3-2025-04-16-low": {
    "games_processed": 30,
    "white": {
      "avg_delta_win_pct": -4.082515444036353,
      "avg_eval_delta_cp": -91.21104775776186,
      "avg_cp_loss": 111.37430363704797,
      "avg_win_pct": 76.45513764233962,
      "classification_rates": {
        "blunder": 0.047185592185592186,
        "inaccuracy": 0.030712250712250713,
        "mistake": 0.01575056488849592,
        "best": 0.34695703095999464,
        "ok": 0.5340590206046584
      }
    },
    "black": {
      "avg_delta_win_pct": -5.077941016916996,
      "avg_eval_delta_cp": -114.65648994131283,
      "avg_cp_loss": 127.42592262215855,
      "avg_win_pct": 17.899191012285797,
      "classification_rates": {
        "blunder": 0.06266920987509222,
        "inaccuracy": 0.03769140989729225,
        "mistake": 0.0031512605042016808,
        "best": 0.2793737826301765,
        "ok": 0.6093202194461785
      }
    },
    "total": {
      "avg_delta_win_pct": -4.558100305727917,
      "avg_eval_delta_cp": -102.46099644488342,
      "avg_cp_loss": 119.05357346182706,
      "avg_win_pct": 47.857287474612974,
      "classification_rates": {
        "blunder": 0.05474856014334804,
        "inaccuracy": 0.033737864663757396,
        "mistake": 0.009727976701660913,
        "best": 0.31478910160903173,
        "ok": 0.5696157535461853
      }
    }
  }
}