{
  "phase": "Opening",
  "lvl-3_vs_o3-2025-04-16-low": {
    "games_processed": 30,
    "avg_delta_win_pct": -7.956291109765681,
    "avg_eval_delta_cp": -113.73015873015873,
    "avg_cp_loss": 116.42222222222222,
    "avg_win_pct": 45.38405600437312,
    "classification_rates": {
      "blunder": 0.07619047619047618,
      "inaccuracy": 0.10317460317460317,
      "mistake": 0.03492063492063492,
      "best": 0.2238095238095238,
      "ok": 0.5619047619047619
    }
  }
}