{
  "phase": "Overall",
  "lvl-3_vs_o3-2025-04-16-low": {
    "games_processed": 30,
    "avg_delta_win_pct": -4.719826090294173,
    "avg_eval_delta_cp": -85.18920168512646,
    "avg_cp_loss": 113.23447093421424,
    "avg_win_pct": 47.9377124681654,
    "classification_rates": {
      "blunder": 0.052107871720468504,
      "inaccuracy": 0.04461915713066373,
      "mistake": 0.017810885674693272,
      "best": 0.26389469665650594,
      "ok": 0.6096372217364155
    }
  }
}