{
  "phase": "Middlegame",
  "lvl-1_vs_claude-3-7-sonnet-20250219-thinking-budget-5000": {
    "games_processed": 30,
    "white": {
      "avg_delta_win_pct": -14.21023590911403,
      "avg_eval_delta_cp": -288.176435373161,
      "avg_cp_loss": 298.3347171196727,
      "avg_win_pct": 41.52665502234514,
      "classification_rates": {
        "blunder": 0.1704424287620321,
        "inaccuracy": 0.1199926789286057,
        "mistake": 0.03574017689959719,
        "best": 0.11703019899472988,
        "ok": 0.5543016389221576
      }
    },
    "black": {
      "avg_delta_win_pct": -12.229819756083616,
      "avg_eval_delta_cp": -246.56131221685143,
      "avg_cp_loss": 256.7919325520336,
      "avg_win_pct": 46.51967531790927,
      "classification_rates": {
        "blunder": 0.14502950460303402,
        "inaccuracy": 0.10413411289285117,
        "mistake": 0.038908594782422576,
        "best": 0.14233378062320945,
        "ok": 0.5531937845352167
      }
    },
    "total": {
      "avg_delta_win_pct": -13.223417842364864,
      "avg_eval_delta_cp": -267.4296688601055,
      "avg_cp_loss": 277.6426782327448,
      "avg_win_pct": 44.04832628384139,
      "classification_rates": {
        "blunder": 0.1577141152680358,
        "inaccuracy": 0.11212266531915759,
        "mistake": 0.0372991386581509,
        "best": 0.1295589689377918,
        "ok": 0.5538289949873807
      }
    }
  }
}