{
  "phase": "Middlegame",
  "lvl-1_vs_claude-3-7-sonnet-20250219-thinking-budget-5000": {
    "games_processed": 30,
    "avg_delta_win_pct": -13.223417842364864,
    "avg_eval_delta_cp": -267.4296688601055,
    "avg_cp_loss": 277.6426782327448,
    "avg_win_pct": 44.04832628384139,
    "classification_rates": {
      "blunder": 0.1577141152680358,
      "inaccuracy": 0.11212266531915759,
      "mistake": 0.0372991386581509,
      "best": 0.1295589689377918,
      "ok": 0.5538289949873807
    }
  }
}