{
  "phase": "Opening",
  "lvl-1_vs_claude-3-7-sonnet-20250219-thinking-budget-5000": {
    "games_processed": 30,
    "white": {
      "avg_delta_win_pct": -12.426778292291056,
      "avg_eval_delta_cp": -169.46666666666667,
      "avg_cp_loss": 170.43030303030304,
      "avg_win_pct": 37.16229952534587,
      "classification_rates": {
        "blunder": 0.10303030303030303,
        "inaccuracy": 0.20303030303030303,
        "mistake": 0.0787878787878788,
        "best": 0.08181818181818182,
        "ok": 0.5333333333333333
      }
    },
    "black": {
      "avg_delta_win_pct": -11.655484487202775,
      "avg_eval_delta_cp": -157.10333333333332,
      "avg_cp_loss": 158.41666666666666,
      "avg_win_pct": 50.81582627763128,
      "classification_rates": {
        "blunder": 0.11666666666666667,
        "inaccuracy": 0.18,
        "mistake": 0.07333333333333333,
        "best": 0.15666666666666668,
        "ok": 0.47333333333333333
      }
    },
    "total": {
      "avg_delta_win_pct": -12.059495527963303,
      "avg_eval_delta_cp": -163.5793650793651,
      "avg_cp_loss": 164.7095238095238,
      "avg_win_pct": 43.66397893119607,
      "classification_rates": {
        "blunder": 0.10952380952380952,
        "inaccuracy": 0.19206349206349205,
        "mistake": 0.07619047619047618,
        "best": 0.11746031746031746,
        "ok": 0.5047619047619047
      }
    }
  }
}