{
  "phase": "Opening",
  "lvl-1_vs_claude-3-7-sonnet-20250219-thinking-budget-5000": {
    "games_processed": 30,
    "avg_delta_win_pct": -12.059495527963303,
    "avg_eval_delta_cp": -163.5793650793651,
    "avg_cp_loss": 164.7095238095238,
    "avg_win_pct": 43.66397893119607,
    "classification_rates": {
      "blunder": 0.10952380952380952,
      "inaccuracy": 0.19206349206349205,
      "mistake": 0.07619047619047618,
      "best": 0.11746031746031746,
      "ok": 0.5047619047619047
    }
  }
}