{
  "phase": "Overall",
  "lvl-1_vs_claude-3-7-sonnet-20250219-thinking-budget-5000": {
    "games_processed": 30,
    "white": {
      "avg_delta_win_pct": -10.790565030413928,
      "avg_eval_delta_cp": -200.29842683738488,
      "avg_cp_loss": 213.87015369997854,
      "avg_win_pct": 51.27334579141924,
      "classification_rates": {
        "blunder": 0.12069907103794286,
        "inaccuracy": 0.10701624616024621,
        "mistake": 0.04797075854431103,
        "best": 0.12580068622596047,
        "ok": 0.5817963843507373
      }
    },
    "black": {
      "avg_delta_win_pct": -11.654272428144392,
      "avg_eval_delta_cp": -219.53676612337887,
      "avg_cp_loss": 237.89810831910927,
      "avg_win_pct": 37.71676820074357,
      "classification_rates": {
        "blunder": 0.13710892439113948,
        "inaccuracy": 0.10987586992877328,
        "mistake": 0.04351855852013721,
        "best": 0.1486510828669284,
        "ok": 0.5599903011351269
      }
    },
    "total": {
      "avg_delta_win_pct": -11.216007958375497,
      "avg_eval_delta_cp": -209.78954154294053,
      "avg_cp_loss": 225.7553247699755,
      "avg_win_pct": 44.57636007380894,
      "classification_rates": {
        "blunder": 0.12878974694205209,
        "inaccuracy": 0.1083893319756524,
        "mistake": 0.045749698125888166,
        "best": 0.13717834891617625,
        "ok": 0.5709894108383833
      }
    }
  }
}