{
  "phase": "Overall",
  "lvl-1_vs_claude-3-7-sonnet-20250219-thinking-budget-5000": {
    "games_processed": 30,
    "avg_delta_win_pct": -11.216007958375497,
    "avg_eval_delta_cp": -209.78954154294053,
    "avg_cp_loss": 225.7553247699755,
    "avg_win_pct": 44.57636007380894,
    "classification_rates": {
      "blunder": 0.12878974694205209,
      "inaccuracy": 0.1083893319756524,
      "mistake": 0.045749698125888166,
      "best": 0.13717834891617625,
      "ok": 0.5709894108383833
    }
  }
}