{
  "phase": "Middlegame",
  "grok-3-mini-beta": {
    "games_processed": 30,
    "avg_delta_win_pct": -4.986819246690637,
    "avg_eval_delta_cp": -135.71851131830618,
    "avg_cp_loss": 164.45277012098532,
    "avg_win_pct": 47.46176120535008,
    "classification_rates": {
      "blunder": 0.051536336298343796,
      "inaccuracy": 0.03377899022381999,
      "mistake": 0.009683584645341378,
      "best": 0.10705263636393461,
      "ok": 0.7926112021113296
    }
  }
}