{
  "phase": "Middlegame",
  "grok-3-mini-beta": {
    "games_processed": 30,
    "white": {
      "avg_delta_win_pct": -4.968872271170184,
      "avg_eval_delta_cp": -136.65077933693985,
      "avg_cp_loss": 162.62211492676568,
      "avg_win_pct": 76.97788617681239,
      "classification_rates": {
        "blunder": 0.04998813620993032,
        "inaccuracy": 0.034358737402410654,
        "mistake": 0.009813342959666658,
        "best": 0.10495320196847616,
        "ok": 0.7934552382169067
      }
    },
    "black": {
      "avg_delta_win_pct": -5.00619341113353,
      "avg_eval_delta_cp": -134.88440923244752,
      "avg_cp_loss": 166.35570914513465,
      "avg_win_pct": 17.506852023875425,
      "classification_rates": {
        "blunder": 0.05311952214375187,
        "inaccuracy": 0.03333970882959745,
        "mistake": 0.009546125226916965,
        "best": 0.10925938028550476,
        "ok": 0.7916939777055204
      }
    },
    "total": {
      "avg_delta_win_pct": -4.986819246690637,
      "avg_eval_delta_cp": -135.71851131830618,
      "avg_cp_loss": 164.45277012098532,
      "avg_win_pct": 47.46176120535008,
      "classification_rates": {
        "blunder": 0.051536336298343796,
        "inaccuracy": 0.03377899022381999,
        "mistake": 0.009683584645341378,
        "best": 0.10705263636393461,
        "ok": 0.7926112021113296
      }
    }
  }
}