{
  "phase": "Opening",
  "grok-3-mini-beta": {
    "games_processed": 30,
    "avg_delta_win_pct": -15.075635090637345,
    "avg_eval_delta_cp": -241.26190476190476,
    "avg_cp_loss": 243.35079365079363,
    "avg_win_pct": 41.592698127546434,
    "classification_rates": {
      "blunder": 0.1857142857142857,
      "inaccuracy": 0.1857142857142857,
      "mistake": 0.06349206349206349,
      "best": 0.10476190476190475,
      "ok": 0.4603174603174603
    }
  }
}