{
  "phase": "Overall",
  "grok-3-mini-beta": {
    "games_processed": 30,
    "avg_delta_win_pct": -6.079221373369761,
    "avg_eval_delta_cp": -130.0568678491844,
    "avg_cp_loss": 163.32663728661012,
    "avg_win_pct": 47.051997917849896,
    "classification_rates": {
      "blunder": 0.07221924638468637,
      "inaccuracy": 0.05385470013431145,
      "mistake": 0.016740284053598842,
      "best": 0.11627034026000026,
      "ok": 0.736789505317297
    }
  }
}