{
  "phase": "Overall",
  "grok-3-mini-beta": {
    "games_processed": 30,
    "white": {
      "avg_delta_win_pct": -6.306793934457145,
      "avg_eval_delta_cp": -131.05239927739302,
      "avg_cp_loss": 165.78823848755303,
      "avg_win_pct": 8.52346815692248,
      "classification_rates": {
        "blunder": 0.07406280998630838,
        "inaccuracy": 0.06048929076491607,
        "mistake": 0.01736125159716406,
        "best": 0.13945915253780053,
        "ok": 0.7082651762732313
      }
    },
    "black": {
      "avg_delta_win_pct": -5.850798644959338,
      "avg_eval_delta_cp": -129.05337569792852,
      "avg_cp_loss": 160.85184169439353,
      "avg_win_pct": 85.68544674177832,
      "classification_rates": {
        "blunder": 0.07035788628380509,
        "inaccuracy": 0.0472212102809205,
        "mistake": 0.016128331409867375,
        "best": 0.09312381796675762,
        "ok": 0.7652812050833917
      }
    },
    "total": {
      "avg_delta_win_pct": -6.079221373369761,
      "avg_eval_delta_cp": -130.0568678491844,
      "avg_cp_loss": 163.32663728661012,
      "avg_win_pct": 47.051997917849896,
      "classification_rates": {
        "blunder": 0.07221924638468637,
        "inaccuracy": 0.05385470013431145,
        "mistake": 0.016740284053598842,
        "best": 0.11627034026000026,
        "ok": 0.736789505317297
      }
    }
  }
}