{
  "phase": "Middlegame",
  "lvl-1_vs_o3-mini-2025-01-31-high": {
    "games_processed": 30,
    "white": {
      "avg_delta_win_pct": -5.993508512492812,
      "avg_eval_delta_cp": -130.64510448693892,
      "avg_cp_loss": 157.20064294952522,
      "avg_win_pct": 70.08368276108716,
      "classification_rates": {
        "blunder": 0.062281573383091406,
        "inaccuracy": 0.02949016179898533,
        "mistake": 0.046371857363792846,
        "best": 0.19828733836189144,
        "ok": 0.6578626126357825
      }
    },
    "black": {
      "avg_delta_win_pct": -5.329633873885742,
      "avg_eval_delta_cp": -111.08846541319652,
      "avg_cp_loss": 131.2464003405119,
      "avg_win_pct": 24.337083779717148,
      "classification_rates": {
        "blunder": 0.060346606191469976,
        "inaccuracy": 0.028982459937730843,
        "mistake": 0.02595178526376491,
        "best": 0.22301590826426174,
        "ok": 0.624434721824254
      }
    },
    "total": {
      "avg_delta_win_pct": -5.655386825237246,
      "avg_eval_delta_cp": -120.76034539694606,
      "avg_cp_loss": 144.14470833404664,
      "avg_win_pct": 47.32887748525568,
      "classification_rates": {
        "blunder": 0.061245769936249916,
        "inaccuracy": 0.029291185165498973,
        "mistake": 0.03605461450918175,
        "best": 0.21047637206530986,
        "ok": 0.6413909600219662
      }
    }
  }
}