{
  "phase": "Middlegame",
  "lvl-1_vs_o3-mini-2025-01-31-high": {
    "games_processed": 30,
    "avg_delta_win_pct": -5.655386825237246,
    "avg_eval_delta_cp": -120.76034539694606,
    "avg_cp_loss": 144.14470833404664,
    "avg_win_pct": 47.32887748525568,
    "classification_rates": {
      "blunder": 0.061245769936249916,
      "inaccuracy": 0.029291185165498973,
      "mistake": 0.03605461450918175,
      "best": 0.21047637206530986,
      "ok": 0.6413909600219662
    }
  }
}