{
  "phase": "Opening",
  "lvl-1_vs_o3-mini-2025-01-31-high": {
    "games_processed": 30,
    "avg_delta_win_pct": -10.567769623490653,
    "avg_eval_delta_cp": -149.31587301587302,
    "avg_cp_loss": 150.47142857142856,
    "avg_win_pct": 44.29946508483792,
    "classification_rates": {
      "blunder": 0.11428571428571428,
      "inaccuracy": 0.14761904761904762,
      "mistake": 0.049206349206349205,
      "best": 0.13015873015873014,
      "ok": 0.5587301587301587
    }
  }
}