{
  "phase": "Overall",
  "lvl-1_vs_o3-mini-2025-01-31-high": {
    "games_processed": 30,
    "avg_delta_win_pct": -4.378981695758023,
    "avg_eval_delta_cp": -76.07022144390301,
    "avg_cp_loss": 110.21327520402079,
    "avg_win_pct": 47.937859764859745,
    "classification_rates": {
      "blunder": 0.04801497990697231,
      "inaccuracy": 0.047361672924148536,
      "mistake": 0.01512865871731891,
      "best": 0.20485271018214157,
      "ok": 0.6777487740421171
    }
  }
}