{
  "phase": "Overall",
  "lvl-1_vs_o3-mini-2025-01-31-high": {
    "games_processed": 30,
    "white": {
      "avg_delta_win_pct": -4.504869849712141,
      "avg_eval_delta_cp": -80.58583318025997,
      "avg_cp_loss": 109.39846308747319,
      "avg_win_pct": 17.17179695318367,
      "classification_rates": {
        "blunder": 0.047806385100023004,
        "inaccuracy": 0.04861613391563998,
        "mistake": 0.016799191189400715,
        "best": 0.23347406636490606,
        "ok": 0.6479302643599744
      }
    },
    "black": {
      "avg_delta_win_pct": -4.2601885032422375,
      "avg_eval_delta_cp": -71.67814422780523,
      "avg_cp_loss": 111.16155055387752,
      "avg_win_pct": 78.79295034485779,
      "classification_rates": {
        "blunder": 0.04835934212068035,
        "inaccuracy": 0.046312063179597546,
        "mistake": 0.013471068822066766,
        "best": 0.17614557669368014,
        "ok": 0.7074387407646324
      }
    },
    "total": {
      "avg_delta_win_pct": -4.378981695758023,
      "avg_eval_delta_cp": -76.07022144390301,
      "avg_cp_loss": 110.21327520402079,
      "avg_win_pct": 47.937859764859745,
      "classification_rates": {
        "blunder": 0.04801497990697231,
        "inaccuracy": 0.047361672924148536,
        "mistake": 0.01512865871731891,
        "best": 0.20485271018214157,
        "ok": 0.6777487740421171
      }
    }
  }
}