{
  "phase": "Opening",
  "grok-3-mini-beta": {
    "games_processed": 30,
    "white": {
      "avg_delta_win_pct": -15.158380232536905,
      "avg_eval_delta_cp": -238.0939393939394,
      "avg_cp_loss": 239.38484848484848,
      "avg_win_pct": 25.544296808033227,
      "classification_rates": {
        "blunder": 0.16666666666666666,
        "inaccuracy": 0.1484848484848485,
        "mistake": 0.07878787878787878,
        "best": 0.05454545454545455,
        "ok": 0.5515151515151515
      }
    },
    "black": {
      "avg_delta_win_pct": -12.258550499816188,
      "avg_eval_delta_cp": -187.76,
      "avg_cp_loss": 189.88666666666666,
      "avg_win_pct": 60.590526754083136,
      "classification_rates": {
        "blunder": 0.17,
        "inaccuracy": 0.11666666666666667,
        "mistake": 0.043333333333333335,
        "best": 0.19,
        "ok": 0.48
      }
    },
    "total": {
      "avg_delta_win_pct": -13.777508931241325,
      "avg_eval_delta_cp": -214.12539682539682,
      "avg_cp_loss": 215.81428571428572,
      "avg_win_pct": 42.23297773472366,
      "classification_rates": {
        "blunder": 0.16825396825396824,
        "inaccuracy": 0.13333333333333333,
        "mistake": 0.0619047619047619,
        "best": 0.11904761904761904,
        "ok": 0.5174603174603175
      }
    }
  }
}