{
  "phase": "Middlegame",
  "lvl-4_vs_grok-3-mini-fast-beta-high": {
    "games_processed": 30,
    "avg_delta_win_pct": -7.291383327187249,
    "avg_eval_delta_cp": -139.3707075224141,
    "avg_cp_loss": 152.03562652066373,
    "avg_win_pct": 46.22047480814821,
    "classification_rates": {
      "blunder": 0.0859352175267404,
      "inaccuracy": 0.0592379817388729,
      "mistake": 0.03144868855133184,
      "best": 0.20828644697462853,
      "ok": 0.6100139273930516
    }
  }
}