{
  "phase": "Middlegame",
  "lvl-4_vs_grok-3-mini-fast-beta-high": {
    "games_processed": 30,
    "white": {
      "avg_delta_win_pct": -7.502520791572514,
      "avg_eval_delta_cp": -143.59503202000343,
      "avg_cp_loss": 155.0538754035237,
      "avg_win_pct": 44.67147347886494,
      "classification_rates": {
        "blunder": 0.09381838436260305,
        "inaccuracy": 0.05296109957294168,
        "mistake": 0.027490762161814793,
        "best": 0.22276755192175446,
        "ok": 0.6018869331636817
      }
    },
    "black": {
      "avg_delta_win_pct": -7.106177844379865,
      "avg_eval_delta_cp": -135.41993052691612,
      "avg_cp_loss": 149.37361451937844,
      "avg_win_pct": 48.2168728027981,
      "classification_rates": {
        "blunder": 0.07818126760191649,
        "inaccuracy": 0.06636162523642336,
        "mistake": 0.03550205642310905,
        "best": 0.19072721013953817,
        "ok": 0.6201652611431269
      }
    },
    "total": {
      "avg_delta_win_pct": -7.291383327187249,
      "avg_eval_delta_cp": -139.3707075224141,
      "avg_cp_loss": 152.03562652066373,
      "avg_win_pct": 46.22047480814821,
      "classification_rates": {
        "blunder": 0.0859352175267404,
        "inaccuracy": 0.0592379817388729,
        "mistake": 0.03144868855133184,
        "best": 0.20828644697462853,
        "ok": 0.6100139273930516
      }
    }
  }
}