{
  "phase": "Opening",
  "lvl-4_vs_grok-3-mini-fast-beta-high": {
    "games_processed": 30,
    "avg_delta_win_pct": -12.620534619985012,
    "avg_eval_delta_cp": -177.28730158730158,
    "avg_cp_loss": 178.71269841269842,
    "avg_win_pct": 43.65374681204847,
    "classification_rates": {
      "blunder": 0.16984126984126982,
      "inaccuracy": 0.11746031746031746,
      "mistake": 0.05714285714285714,
      "best": 0.17777777777777776,
      "ok": 0.47777777777777775
    }
  }
}