{
  "phase": "Opening",
  "lvl-4_vs_grok-3-mini-fast-beta-high": {
    "games_processed": 30,
    "white": {
      "avg_delta_win_pct": -12.473679261785378,
      "avg_eval_delta_cp": -176.94242424242424,
      "avg_cp_loss": 177.71212121212122,
      "avg_win_pct": 43.184470511108835,
      "classification_rates": {
        "blunder": 0.15454545454545454,
        "inaccuracy": 0.11212121212121212,
        "mistake": 0.051515151515151514,
        "best": 0.1606060606060606,
        "ok": 0.5212121212121212
      }
    },
    "black": {
      "avg_delta_win_pct": -12.782075514004609,
      "avg_eval_delta_cp": -177.66666666666666,
      "avg_cp_loss": 179.81333333333333,
      "avg_win_pct": 44.16995074308206,
      "classification_rates": {
        "blunder": 0.18666666666666668,
        "inaccuracy": 0.12333333333333334,
        "mistake": 0.06333333333333334,
        "best": 0.19666666666666668,
        "ok": 0.43
      }
    },
    "total": {
      "avg_delta_win_pct": -12.620534619985012,
      "avg_eval_delta_cp": -177.28730158730158,
      "avg_cp_loss": 178.71269841269842,
      "avg_win_pct": 43.65374681204847,
      "classification_rates": {
        "blunder": 0.16984126984126982,
        "inaccuracy": 0.11746031746031746,
        "mistake": 0.05714285714285714,
        "best": 0.17777777777777776,
        "ok": 0.47777777777777775
      }
    }
  }
}