{
  "phase": "Overall",
  "lvl-4_vs_grok-3-mini-fast-beta-high": {
    "games_processed": 30,
    "white": {
      "avg_delta_win_pct": -6.138171394333835,
      "avg_eval_delta_cp": -108.70767122510262,
      "avg_cp_loss": 140.45900310013045,
      "avg_win_pct": 42.93315588818272,
      "classification_rates": {
        "blunder": 0.0752566164311179,
        "inaccuracy": 0.051490600668062776,
        "mistake": 0.026791092928740184,
        "best": 0.1949715444316633,
        "ok": 0.6437694704341815
      }
    },
    "black": {
      "avg_delta_win_pct": -6.267613094683868,
      "avg_eval_delta_cp": -99.35268924967268,
      "avg_cp_loss": 146.28430119058004,
      "avg_win_pct": 50.95728458296163,
      "classification_rates": {
        "blunder": 0.08209129049584342,
        "inaccuracy": 0.04499748520814456,
        "mistake": 0.025731210442053214,
        "best": 0.185827471604134,
        "ok": 0.6566442937184312
      }
    },
    "total": {
      "avg_delta_win_pct": -6.201435696930418,
      "avg_eval_delta_cp": -104.01829686488394,
      "avg_cp_loss": 143.34971601164207,
      "avg_win_pct": 46.99807040276692,
      "classification_rates": {
        "blunder": 0.07864595801343748,
        "inaccuracy": 0.04826842729856248,
        "mistake": 0.02625783496127333,
        "best": 0.19042485419671673,
        "ok": 0.6501476701187205
      }
    }
  }
}