{
  "phase": "Overall",
  "lvl-4_vs_grok-3-mini-fast-beta-high": {
    "games_processed": 30,
    "avg_delta_win_pct": -6.201435696930418,
    "avg_eval_delta_cp": -104.01829686488394,
    "avg_cp_loss": 143.34971601164207,
    "avg_win_pct": 46.99807040276692,
    "classification_rates": {
      "blunder": 0.07864595801343748,
      "inaccuracy": 0.04826842729856248,
      "mistake": 0.02625783496127333,
      "best": 0.19042485419671673,
      "ok": 0.6501476701187205
    }
  }
}