{
  "phase": "Middlegame",
  "lvl-2_vs_o3-2025-04-16-low": {
    "games_processed": 30,
    "white": {
      "avg_delta_win_pct": -4.478022757241992,
      "avg_eval_delta_cp": -99.5280680929694,
      "avg_cp_loss": 118.00729055423135,
      "avg_win_pct": 72.83630047425856,
      "classification_rates": {
        "blunder": 0.045341880341880345,
        "inaccuracy": 0.04618141239851766,
        "mistake": 0.011208751044277359,
        "best": 0.32443274439984965,
        "ok": 0.5421663144360512
      }
    },
    "black": {
      "avg_delta_win_pct": -4.166210739685887,
      "avg_eval_delta_cp": -95.12074956834348,
      "avg_cp_loss": 113.25301717727777,
      "avg_win_pct": 22.7569060129697,
      "classification_rates": {
        "blunder": 0.04575858839016734,
        "inaccuracy": 0.031550461802654785,
        "mistake": 0.012818662818662818,
        "best": 0.34989990505722773,
        "ok": 0.551639048597954
      }
    },
    "total": {
      "avg_delta_win_pct": -4.319583396027517,
      "avg_eval_delta_cp": -97.12905964660187,
      "avg_cp_loss": 115.41337447902582,
      "avg_win_pct": 48.455234672804025,
      "classification_rates": {
        "blunder": 0.04550333668292282,
        "inaccuracy": 0.0392051153337742,
        "mistake": 0.011805026806432355,
        "best": 0.33770280653326856,
        "ok": 0.5455484093253529
      }
    }
  }
}