{
  "phase": "Opening",
  "lvl-2_vs_o3-2025-04-16-low": {
    "games_processed": 30,
    "white": {
      "avg_delta_win_pct": -9.835614983503051,
      "avg_eval_delta_cp": -153.64242424242425,
      "avg_cp_loss": 155.28484848484848,
      "avg_win_pct": 27.018931800414414,
      "classification_rates": {
        "blunder": 0.09696969696969697,
        "inaccuracy": 0.12727272727272726,
        "mistake": 0.030303030303030304,
        "best": 0.09393939393939393,
        "ok": 0.6515151515151515
      }
    },
    "black": {
      "avg_delta_win_pct": -6.8596892065821855,
      "avg_eval_delta_cp": -98.92666666666666,
      "avg_cp_loss": 101.95333333333333,
      "avg_win_pct": 64.78975606820192,
      "classification_rates": {
        "blunder": 0.08666666666666667,
        "inaccuracy": 0.07666666666666667,
        "mistake": 0.016666666666666666,
        "best": 0.31333333333333335,
        "ok": 0.5066666666666667
      }
    },
    "total": {
      "avg_delta_win_pct": -8.418507470683592,
      "avg_eval_delta_cp": -127.58730158730158,
      "avg_cp_loss": 129.88888888888889,
      "avg_win_pct": 45.00503859459894,
      "classification_rates": {
        "blunder": 0.09206349206349206,
        "inaccuracy": 0.10317460317460317,
        "mistake": 0.023809523809523808,
        "best": 0.1984126984126984,
        "ok": 0.5825396825396826
      }
    }
  }
}