{
  "phase": "Middlegame",
  "o4-mini-2025-04-16-low_pgn": {
    "games_processed": 30,
    "white": {
      "avg_delta_win_pct": -3.964613909252828,
      "avg_eval_delta_cp": -106.82461623573114,
      "avg_cp_loss": 129.91986133185924,
      "avg_win_pct": 77.32831147503443,
      "classification_rates": {
        "blunder": 0.03856704647791287,
        "inaccuracy": 0.03325630681915049,
        "mistake": 0.014607831995490915,
        "best": 0.14169704734226998,
        "ok": 0.746574754417163
      }
    },
    "black": {
      "avg_delta_win_pct": -4.1302556178893814,
      "avg_eval_delta_cp": -114.52981072768577,
      "avg_cp_loss": 133.98594389373983,
      "avg_win_pct": 18.035896082525834,
      "classification_rates": {
        "blunder": 0.04198625418227221,
        "inaccuracy": 0.024689161212209272,
        "mistake": 0.011068407417766041,
        "best": 0.17684660617445508,
        "ok": 0.7400756289057604
      }
    },
    "total": {
      "avg_delta_win_pct": -4.043354372744771,
      "avg_eval_delta_cp": -110.41404812414262,
      "avg_cp_loss": 131.7350698292745,
      "avg_win_pct": 48.28505808212448,
      "classification_rates": {
        "blunder": 0.04027935917405347,
        "inaccuracy": 0.02915156638951726,
        "mistake": 0.012847654394222986,
        "best": 0.15958717806564965,
        "ok": 0.7420706539569127
      }
    }
  }
}