{
  "phase": "Opening",
  "lvl-1_vs_o4-mini-2025-04-16-medium": {
    "games_processed": 30,
    "white": {
      "avg_delta_win_pct": -12.331741245202329,
      "avg_eval_delta_cp": -173.86363636363637,
      "avg_cp_loss": 174.6939393939394,
      "avg_win_pct": 31.644270939052998,
      "classification_rates": {
        "blunder": 0.12121212121212122,
        "inaccuracy": 0.13333333333333333,
        "mistake": 0.09393939393939393,
        "best": 0.07272727272727272,
        "ok": 0.5787878787878787
      }
    },
    "black": {
      "avg_delta_win_pct": -10.02582294257478,
      "avg_eval_delta_cp": -136.40333333333334,
      "avg_cp_loss": 138.01,
      "avg_win_pct": 56.87523724215022,
      "classification_rates": {
        "blunder": 0.10666666666666667,
        "inaccuracy": 0.09666666666666666,
        "mistake": 0.09000000000000001,
        "best": 0.15333333333333332,
        "ok": 0.5533333333333333
      }
    },
    "total": {
      "avg_delta_win_pct": -11.23368491061778,
      "avg_eval_delta_cp": -156.02539682539683,
      "avg_cp_loss": 157.2253968253968,
      "avg_win_pct": 43.65901679767072,
      "classification_rates": {
        "blunder": 0.11428571428571428,
        "inaccuracy": 0.11587301587301586,
        "mistake": 0.09206349206349206,
        "best": 0.1111111111111111,
        "ok": 0.5666666666666667
      }
    }
  }
}