{
  "phase": "Overall",
  "lvl-1_vs_o4-mini-2025-04-16-medium": {
    "games_processed": 30,
    "white": {
      "avg_delta_win_pct": -6.399748503864638,
      "avg_eval_delta_cp": -101.97139277377444,
      "avg_cp_loss": 153.77232316203555,
      "avg_win_pct": 27.11457732667312,
      "classification_rates": {
        "blunder": 0.07376179038957625,
        "inaccuracy": 0.05846469076742863,
        "mistake": 0.02821218845282239,
        "best": 0.1972512779906064,
        "ok": 0.6349962623182727
      }
    },
    "black": {
      "avg_delta_win_pct": -6.43419470204546,
      "avg_eval_delta_cp": -117.33968491773074,
      "avg_cp_loss": 150.32476334266082,
      "avg_win_pct": 66.79070662312623,
      "classification_rates": {
        "blunder": 0.07589321546822062,
        "inaccuracy": 0.06026492395426966,
        "mistake": 0.03218532013135538,
        "best": 0.19435417003929395,
        "ok": 0.6311021544023429
      }
    },
    "total": {
      "avg_delta_win_pct": -6.4155861063473445,
      "avg_eval_delta_cp": -109.6258351595741,
      "avg_cp_loss": 152.0076616435928,
      "avg_win_pct": 46.87729270418608,
      "classification_rates": {
        "blunder": 0.07479570415608304,
        "inaccuracy": 0.05931955382991936,
        "mistake": 0.030186864323484098,
        "best": 0.1957918795359535,
        "ok": 0.6331116765918338
      }
    }
  }
}