{
  "phase": "Middlegame",
  "lvl-2_vs_o4-mini-2025-04-16-high_timeout-20m": {
    "games_processed": 29,
    "avg_delta_win_pct": -5.872137080828366,
    "avg_eval_delta_cp": -109.34665699024997,
    "avg_cp_loss": 138.71522076464612,
    "avg_win_pct": 43.000950764214565,
    "classification_rates": {
      "blunder": 0.057919117867671815,
      "inaccuracy": 0.05860002066898619,
      "mistake": 0.03459029152160409,
      "best": 0.21881616761198427,
      "ok": 0.5465265783511298
    }
  }
}