{
  "phase": "Middlegame",
  "lvl-2_vs_o4-mini-2025-04-16-high_timeout-20m": {
    "games_processed": 29,
    "white": {
      "avg_delta_win_pct": -5.678274289590419,
      "avg_eval_delta_cp": -105.18752814928499,
      "avg_cp_loss": 129.9178782813483,
      "avg_win_pct": 66.04702082489307,
      "classification_rates": {
        "blunder": 0.05178136040205006,
        "inaccuracy": 0.047855401303677166,
        "mistake": 0.04723030800617008,
        "best": 0.2322216948171326,
        "ok": 0.5378853989812122
      }
    },
    "black": {
      "avg_delta_win_pct": -6.116654387806744,
      "avg_eval_delta_cp": -114.44368628440169,
      "avg_cp_loss": 148.73927903533368,
      "avg_win_pct": 19.14614987512366,
      "classification_rates": {
        "blunder": 0.06476630620900398,
        "inaccuracy": 0.06934194524204666,
        "mistake": 0.02194192724111588,
        "best": 0.2046707727168387,
        "ok": 0.5558468199001454
      }
    },
    "total": {
      "avg_delta_win_pct": -5.872137080828366,
      "avg_eval_delta_cp": -109.34665699024997,
      "avg_cp_loss": 138.71522076464612,
      "avg_win_pct": 43.000950764214565,
      "classification_rates": {
        "blunder": 0.057919117867671815,
        "inaccuracy": 0.05860002066898619,
        "mistake": 0.03459029152160409,
        "best": 0.21881616761198427,
        "ok": 0.5465265783511298
      }
    }
  }
}