{
  "phase": "Opening",
  "lvl-2_vs_o4-mini-2025-04-16-high_timeout-20m": {
    "games_processed": 29,
    "avg_delta_win_pct": -7.425836096793633,
    "avg_eval_delta_cp": -110.6028472435006,
    "avg_cp_loss": 111.89485469158791,
    "avg_win_pct": 45.52825057765248,
    "classification_rates": {
      "blunder": 0.05747126436781609,
      "inaccuracy": 0.12979156354836935,
      "mistake": 0.03284072249589491,
      "best": 0.16472215020309394,
      "ok": 0.6151742993848257
    }
  }
}