{
  "phase": "Overall",
  "lvl-2_vs_o4-mini-2025-04-16-high_timeout-20m": {
    "games_processed": 29,
    "white": {
      "avg_delta_win_pct": -5.8429459754846125,
      "avg_eval_delta_cp": -95.62921817276495,
      "avg_cp_loss": 121.26600227912833,
      "avg_win_pct": 19.64524804098692,
      "classification_rates": {
        "blunder": 0.04876202259285159,
        "inaccuracy": 0.0952295212066994,
        "mistake": 0.023582589824948014,
        "best": 0.19590049085467034,
        "ok": 0.6322452590074297
      }
    },
    "black": {
      "avg_delta_win_pct": -5.0449793538098895,
      "avg_eval_delta_cp": -82.55755064756347,
      "avg_cp_loss": 111.70309961383052,
      "avg_win_pct": 75.36115258145452,
      "classification_rates": {
        "blunder": 0.04908094587360537,
        "inaccuracy": 0.056978604800008555,
        "mistake": 0.017530159726242354,
        "best": 0.21466773986074614,
        "ok": 0.6494393975213154
      }
    },
    "total": {
      "avg_delta_win_pct": -5.451302043435947,
      "avg_eval_delta_cp": -89.18845760838215,
      "avg_cp_loss": 116.55813669975045,
      "avg_win_pct": 47.336360000284486,
      "classification_rates": {
        "blunder": 0.04890201276253907,
        "inaccuracy": 0.07672293648133023,
        "mistake": 0.020543471844341573,
        "best": 0.20514723572395496,
        "ok": 0.6403724668882672
      }
    }
  }
}