{
  "phase": "Overall",
  "lvl-2_vs_o4-mini-2025-04-16-high_timeout-20m": {
    "games_processed": 29,
    "avg_delta_win_pct": -5.451302043435947,
    "avg_eval_delta_cp": -89.18845760838215,
    "avg_cp_loss": 116.55813669975045,
    "avg_win_pct": 47.336360000284486,
    "classification_rates": {
      "blunder": 0.04890201276253907,
      "inaccuracy": 0.07672293648133023,
      "mistake": 0.020543471844341573,
      "best": 0.20514723572395496,
      "ok": 0.6403724668882672
    }
  }
}