{
  "phase": "Middlegame",
  "o4-mini": {
    "games_processed": 30,
    "avg_delta_win_pct": -2.159966763936039,
    "avg_eval_delta_cp": -55.7815769493819,
    "avg_cp_loss": 89.87410719842632,
    "avg_win_pct": 49.58436659254092,
    "classification_rates": {
      "blunder": 0.02013288370286342,
      "inaccuracy": 0.017916860466556207,
      "mistake": 0.013085557304624242,
      "best": 0.1837089678009401,
      "ok": 0.6661586993248151
    }
  }
}