{
  "phase": "Opening",
  "o4-mini": {
    "games_processed": 30,
    "avg_delta_win_pct": -9.98831021389077,
    "avg_eval_delta_cp": -167.56137566137565,
    "avg_cp_loss": 169.5079365079365,
    "avg_win_pct": 44.23337074088151,
    "classification_rates": {
      "blunder": 0.10238095238095238,
      "inaccuracy": 0.11613756613756614,
      "mistake": 0.07142857142857142,
      "best": 0.14232804232804233,
      "ok": 0.5658730158730159
    }
  }
}