{
  "phase": "Opening",
  "o4-mini": {
    "games_processed": 30,
    "white": {
      "avg_delta_win_pct": -11.458885599748553,
      "avg_eval_delta_cp": -195.32794612794612,
      "avg_cp_loss": 197.08552188552187,
      "avg_win_pct": 23.673794495563623,
      "classification_rates": {
        "blunder": 0.11346801346801347,
        "inaccuracy": 0.15151515151515152,
        "mistake": 0.08181818181818182,
        "best": 0.07643097643097643,
        "ok": 0.5767676767676768
      }
    },
    "black": {
      "avg_delta_win_pct": -8.380007060499766,
      "avg_eval_delta_cp": -137.20444444444445,
      "avg_cp_loss": 139.3562962962963,
      "avg_win_pct": 66.77544606868102,
      "classification_rates": {
        "blunder": 0.09037037037037038,
        "inaccuracy": 0.07703703703703704,
        "mistake": 0.060000000000000005,
        "best": 0.21444444444444444,
        "ok": 0.5544444444444444
      }
    },
    "total": {
      "avg_delta_win_pct": -9.98831021389077,
      "avg_eval_delta_cp": -167.56137566137565,
      "avg_cp_loss": 169.5079365079365,
      "avg_win_pct": 44.23337074088151,
      "classification_rates": {
        "blunder": 0.10238095238095238,
        "inaccuracy": 0.11613756613756614,
        "mistake": 0.07142857142857142,
        "best": 0.14232804232804233,
        "ok": 0.5658730158730159
      }
    }
  }
}