{
  "phase": "Overall",
  "o4-mini": {
    "games_processed": 30,
    "white": {
      "avg_delta_win_pct": -5.265356503028493,
      "avg_eval_delta_cp": -98.68357824307397,
      "avg_cp_loss": 128.9174803060481,
      "avg_win_pct": 10.589752345691842,
      "classification_rates": {
        "blunder": 0.057260456214127044,
        "inaccuracy": 0.0602154265752949,
        "mistake": 0.033334973463692,
        "best": 0.19681584546749734,
        "ok": 0.6519459478520383
      }
    },
    "black": {
      "avg_delta_win_pct": -3.769874228503838,
      "avg_eval_delta_cp": -69.57400279110546,
      "avg_cp_loss": 99.58986932037259,
      "avg_win_pct": 85.69168540403545,
      "classification_rates": {
        "blunder": 0.040469012698545075,
        "inaccuracy": 0.033352673195787046,
        "mistake": 0.02765434546888181,
        "best": 0.1798394689839632,
        "ok": 0.6864403896645604
      }
    },
    "total": {
      "avg_delta_win_pct": -4.517584859285263,
      "avg_eval_delta_cp": -84.12615959962008,
      "avg_cp_loss": 114.25396280478866,
      "avg_win_pct": 48.132454336266,
      "classification_rates": {
        "blunder": 0.04886464494011751,
        "inaccuracy": 0.04678403198229726,
        "mistake": 0.030493209303546417,
        "best": 0.18833147061664043,
        "ok": 0.6691895343998263
      }
    }
  }
}