{
  "phase": "Overall",
  "o4-mini": {
    "games_processed": 30,
    "avg_delta_win_pct": -4.517584859285263,
    "avg_eval_delta_cp": -84.12615959962008,
    "avg_cp_loss": 114.25396280478866,
    "avg_win_pct": 48.132454336266,
    "classification_rates": {
      "blunder": 0.04886464494011751,
      "inaccuracy": 0.04678403198229726,
      "mistake": 0.030493209303546417,
      "best": 0.18833147061664043,
      "ok": 0.6691895343998263
    }
  }
}