{
  "phase": "Middlegame",
  "o4-mini": {
    "games_processed": 30,
    "white": {
      "avg_delta_win_pct": -3.0598342107018266,
      "avg_eval_delta_cp": -71.7965637742031,
      "avg_cp_loss": 107.0985652379383,
      "avg_win_pct": 80.05388631985646,
      "classification_rates": {
        "blunder": 0.03899005134299252,
        "inaccuracy": 0.014097007223942208,
        "mistake": 0.0,
        "best": 0.2576462157267111,
        "ok": 0.6467327489618512
      }
    },
    "black": {
      "avg_delta_win_pct": -3.495268266454901,
      "avg_eval_delta_cp": -89.35938094041035,
      "avg_cp_loss": 124.98380239042004,
      "avg_win_pct": 14.942861912626023,
      "classification_rates": {
        "blunder": 0.0356137326725562,
        "inaccuracy": 0.02292038027332145,
        "mistake": 0.0037037037037037034,
        "best": 0.17872809652221416,
        "ok": 0.7404218983630748
      }
    },
    "total": {
      "avg_delta_win_pct": -3.2618037512810263,
      "avg_eval_delta_cp": -79.74441890856383,
      "avg_cp_loss": 115.27967405839964,
      "avg_win_pct": 48.773410491045524,
      "classification_rates": {
        "blunder": 0.03739315895662645,
        "inaccuracy": 0.01843101080252783,
        "mistake": 0.0017543859649122805,
        "best": 0.2196310946567641,
        "ok": 0.6888837002585639
      }
    }
  }
}