{
  "phase": "Middlegame",
  "o4-mini": {
    "games_processed": 30,
    "avg_delta_win_pct": -3.2618037512810263,
    "avg_eval_delta_cp": -79.74441890856383,
    "avg_cp_loss": 115.27967405839964,
    "avg_win_pct": 48.773410491045524,
    "classification_rates": {
      "blunder": 0.03739315895662645,
      "inaccuracy": 0.01843101080252783,
      "mistake": 0.0017543859649122805,
      "best": 0.2196310946567641,
      "ok": 0.6888837002585639
    }
  }
}