{
  "phase": "Opening",
  "o4-mini": {
    "games_processed": 30,
    "white": {
      "avg_delta_win_pct": -10.913448004579301,
      "avg_eval_delta_cp": -184.3242424242424,
      "avg_cp_loss": 187.45151515151514,
      "avg_win_pct": 23.3790772626311,
      "classification_rates": {
        "blunder": 0.09393939393939393,
        "inaccuracy": 0.16666666666666666,
        "mistake": 0.051515151515151514,
        "best": 0.07575757575757576,
        "ok": 0.6121212121212121
      }
    },
    "black": {
      "avg_delta_win_pct": -7.499179305408306,
      "avg_eval_delta_cp": -122.96333333333334,
      "avg_cp_loss": 129.27666666666667,
      "avg_win_pct": 67.5649463620002,
      "classification_rates": {
        "blunder": 0.06666666666666667,
        "inaccuracy": 0.07333333333333333,
        "mistake": 0.04666666666666667,
        "best": 0.23,
        "ok": 0.5833333333333334
      }
    },
    "total": {
      "avg_delta_win_pct": -9.287605766878826,
      "avg_eval_delta_cp": -155.10476190476192,
      "avg_cp_loss": 159.74920634920636,
      "avg_win_pct": 44.41996730994972,
      "classification_rates": {
        "blunder": 0.08095238095238094,
        "inaccuracy": 0.12222222222222222,
        "mistake": 0.049206349206349205,
        "best": 0.1492063492063492,
        "ok": 0.5984126984126984
      }
    }
  }
}