{
  "phase": "Opening",
  "o4-mini": {
    "games_processed": 30,
    "avg_delta_win_pct": -9.287605766878826,
    "avg_eval_delta_cp": -155.10476190476192,
    "avg_cp_loss": 159.74920634920636,
    "avg_win_pct": 44.41996730994972,
    "classification_rates": {
      "blunder": 0.08095238095238094,
      "inaccuracy": 0.12222222222222222,
      "mistake": 0.049206349206349205,
      "best": 0.1492063492063492,
      "ok": 0.5984126984126984
    }
  }
}