{
  "phase": "Overall",
  "o4-mini": {
    "games_processed": 30,
    "avg_delta_win_pct": -4.204181512831462,
    "avg_eval_delta_cp": -83.89024482072246,
    "avg_cp_loss": 111.89138220692442,
    "avg_win_pct": 48.284147555418016,
    "classification_rates": {
      "blunder": 0.03940168015280019,
      "inaccuracy": 0.04964703173471787,
      "mistake": 0.013973454616656085,
      "best": 0.19032065521300026,
      "ok": 0.6912499315012122
    }
  }
}