{
  "phase": "Middlegame",
  "gpt-4.1-2025-04-14": {
    "games_processed": 30,
    "avg_delta_win_pct": -24.102173617217098,
    "avg_eval_delta_cp": -422.501821699677,
    "avg_cp_loss": 433.56284688340645,
    "avg_win_pct": 38.143948263339695,
    "classification_rates": {
      "blunder": 0.33933164489669804,
      "inaccuracy": 0.10804314635682982,
      "mistake": 0.07045584376434982,
      "best": 0.035847977488403474,
      "ok": 0.4405536182569439
    }
  }
}