{
  "phase": "Middlegame",
  "gpt-4.1-2025-04-14": {
    "games_processed": 30,
    "white": {
      "avg_delta_win_pct": -24.410841800887514,
      "avg_eval_delta_cp": -425.78626996771703,
      "avg_cp_loss": 439.13776990066964,
      "avg_win_pct": 34.06863199390625,
      "classification_rates": {
        "blunder": 0.35103441498089166,
        "inaccuracy": 0.1043223003440649,
        "mistake": 0.0688628905431037,
        "best": 0.035423669793418155,
        "ok": 0.42997583235221265
      }
    },
    "black": {
      "avg_delta_win_pct": -23.790830960207817,
      "avg_eval_delta_cp": -419.2200995395591,
      "avg_cp_loss": 427.91825126955456,
      "avg_win_pct": 42.1883285162559,
      "classification_rates": {
        "blunder": 0.32749314522704936,
        "inaccuracy": 0.1120624228808126,
        "mistake": 0.07193500344682947,
        "best": 0.036251428893398954,
        "ok": 0.45136263438337026
      }
    },
    "total": {
      "avg_delta_win_pct": -24.102173617217098,
      "avg_eval_delta_cp": -422.501821699677,
      "avg_cp_loss": 433.56284688340645,
      "avg_win_pct": 38.143948263339695,
      "classification_rates": {
        "blunder": 0.33933164489669804,
        "inaccuracy": 0.10804314635682982,
        "mistake": 0.07045584376434982,
        "best": 0.035847977488403474,
        "ok": 0.4405536182569439
      }
    }
  }
}