{
  "phase": "Opening",
  "gpt-4.1-2025-04-14": {
    "games_processed": 30,
    "white": {
      "avg_delta_win_pct": -17.557415363074536,
      "avg_eval_delta_cp": -234.14848484848486,
      "avg_cp_loss": 234.53636363636363,
      "avg_win_pct": 35.96550001215293,
      "classification_rates": {
        "blunder": 0.24242424242424243,
        "inaccuracy": 0.21212121212121213,
        "mistake": 0.07878787878787878,
        "best": 0.051515151515151514,
        "ok": 0.41515151515151516
      }
    },
    "black": {
      "avg_delta_win_pct": -16.76799882827126,
      "avg_eval_delta_cp": -221.78666666666666,
      "avg_cp_loss": 222.12666666666667,
      "avg_win_pct": 46.48841312267036,
      "classification_rates": {
        "blunder": 0.23666666666666666,
        "inaccuracy": 0.23,
        "mistake": 0.08666666666666667,
        "best": 0.03333333333333333,
        "ok": 0.41333333333333333
      }
    },
    "total": {
      "avg_delta_win_pct": -17.18150272745393,
      "avg_eval_delta_cp": -228.26190476190476,
      "avg_cp_loss": 228.62698412698413,
      "avg_win_pct": 40.97641101716123,
      "classification_rates": {
        "blunder": 0.23968253968253966,
        "inaccuracy": 0.22063492063492063,
        "mistake": 0.08253968253968254,
        "best": 0.04285714285714286,
        "ok": 0.41428571428571426
      }
    }
  }
}