{
  "phase": "Opening",
  "gpt-4.1-2025-04-14": {
    "games_processed": 30,
    "avg_delta_win_pct": -17.18150272745393,
    "avg_eval_delta_cp": -228.26190476190476,
    "avg_cp_loss": 228.62698412698413,
    "avg_win_pct": 40.97641101716123,
    "classification_rates": {
      "blunder": 0.23968253968253966,
      "inaccuracy": 0.22063492063492063,
      "mistake": 0.08253968253968254,
      "best": 0.04285714285714286,
      "ok": 0.41428571428571426
    }
  }
}