{
  "phase": "Overall",
  "gpt-4.1-2025-04-14": {
    "games_processed": 30,
    "avg_delta_win_pct": -21.140328993463864,
    "avg_eval_delta_cp": -369.0996560844511,
    "avg_cp_loss": 381.8456639879802,
    "avg_win_pct": 39.420304810724524,
    "classification_rates": {
      "blunder": 0.2851145723646936,
      "inaccuracy": 0.12401224468218065,
      "mistake": 0.07049608762505374,
      "best": 0.034152406568647445,
      "ok": 0.48179800238082404
    }
  }
}