{
  "phase": "Overall",
  "gpt-4.1-2025-04-14": {
    "games_processed": 30,
    "white": {
      "avg_delta_win_pct": -21.047283491516897,
      "avg_eval_delta_cp": -369.17187148833494,
      "avg_cp_loss": 379.1824754678821,
      "avg_win_pct": 45.14555778217974,
      "classification_rates": {
        "blunder": 0.281381381356996,
        "inaccuracy": 0.1213382147126577,
        "mistake": 0.06972661068401467,
        "best": 0.0317950989799182,
        "ok": 0.4945047260124452
      }
    },
    "black": {
      "avg_delta_win_pct": -21.233776462952818,
      "avg_eval_delta_cp": -369.0290494814031,
      "avg_cp_loss": 384.51531120498777,
      "avg_win_pct": 33.661022055456336,
      "classification_rates": {
        "blunder": 0.2888660904618406,
        "inaccuracy": 0.12669423130080912,
        "mistake": 0.0712571152228575,
        "best": 0.03651763911549049,
        "ok": 0.46907360311703
      }
    },
    "total": {
      "avg_delta_win_pct": -21.140328993463864,
      "avg_eval_delta_cp": -369.0996560844511,
      "avg_cp_loss": 381.8456639879802,
      "avg_win_pct": 39.420304810724524,
      "classification_rates": {
        "blunder": 0.2851145723646936,
        "inaccuracy": 0.12401224468218065,
        "mistake": 0.07049608762505374,
        "best": 0.034152406568647445,
        "ok": 0.48179800238082404
      }
    }
  }
}