{
  "phase": "Opening",
  "o4-mini-2025-04-16-low": {
    "games_processed": 30,
    "white": {
      "avg_delta_win_pct": -14.725483351223946,
      "avg_eval_delta_cp": -224.01818181818183,
      "avg_cp_loss": 224.3151515151515,
      "avg_win_pct": 28.810964900582455,
      "classification_rates": {
        "blunder": 0.16363636363636364,
        "inaccuracy": 0.15454545454545454,
        "mistake": 0.0787878787878788,
        "best": 0.06363636363636363,
        "ok": 0.5393939393939394
      }
    },
    "black": {
      "avg_delta_win_pct": -12.556445108582336,
      "avg_eval_delta_cp": -185.20333333333332,
      "avg_cp_loss": 187.27666666666667,
      "avg_win_pct": 57.439946931267116,
      "classification_rates": {
        "blunder": 0.15,
        "inaccuracy": 0.12666666666666668,
        "mistake": 0.08,
        "best": 0.18,
        "ok": 0.4633333333333333
      }
    },
    "total": {
      "avg_delta_win_pct": -13.692607997585084,
      "avg_eval_delta_cp": -205.53492063492064,
      "avg_cp_loss": 206.67777777777778,
      "avg_win_pct": 42.44381348662277,
      "classification_rates": {
        "blunder": 0.15714285714285714,
        "inaccuracy": 0.14126984126984127,
        "mistake": 0.07936507936507936,
        "best": 0.11904761904761904,
        "ok": 0.5031746031746032
      }
    }
  }
}