{
  "phase": "Overall",
  "o4-mini-2025-04-16-low": {
    "games_processed": 30,
    "white": {
      "avg_delta_win_pct": -9.508362425936328,
      "avg_eval_delta_cp": -183.84730024913975,
      "avg_cp_loss": 200.16593508117376,
      "avg_win_pct": 13.263090473043366,
      "classification_rates": {
        "blunder": 0.11730810192611875,
        "inaccuracy": 0.06406766341031568,
        "mistake": 0.03464035303667783,
        "best": 0.1497106453209902,
        "ok": 0.6318135568083711
      }
    },
    "black": {
      "avg_delta_win_pct": -9.10008993504383,
      "avg_eval_delta_cp": -172.76026592227575,
      "avg_cp_loss": 206.43073247666499,
      "avg_win_pct": 77.85214495624204,
      "classification_rates": {
        "blunder": 0.11232327771149038,
        "inaccuracy": 0.055482645814469544,
        "mistake": 0.03538061382733665,
        "best": 0.10838379633925403,
        "ok": 0.6754133550156172
      }
    },
    "total": {
      "avg_delta_win_pct": -9.303485678328677,
      "avg_eval_delta_cp": -178.28544456491494,
      "avg_cp_loss": 203.27321070980585,
      "avg_win_pct": 45.51207799940676,
      "classification_rates": {
        "blunder": 0.11480787640787941,
        "inaccuracy": 0.059788575509640486,
        "mistake": 0.03500304906137055,
        "best": 0.129058120548696,
        "ok": 0.6535875687750559
      }
    }
  }
}