{
  "phase": "Middlegame",
  "lvl-1_vs_grok-3-mini-beta-high": {
    "games_processed": 30,
    "avg_delta_win_pct": -9.077234049824169,
    "avg_eval_delta_cp": -172.51578553635235,
    "avg_cp_loss": 182.97290844085836,
    "avg_win_pct": 44.941218325815825,
    "classification_rates": {
      "blunder": 0.10654571940992195,
      "inaccuracy": 0.05657791701743418,
      "mistake": 0.028924847574804576,
      "best": 0.21114577998654005,
      "ok": 0.5891352486039697
    }
  }
}