{
  "phase": "Middlegame",
  "lvl-1_vs_grok-3-mini-beta-high": {
    "games_processed": 30,
    "white": {
      "avg_delta_win_pct": -9.260560847902134,
      "avg_eval_delta_cp": -176.07341057061967,
      "avg_cp_loss": 187.09247980409918,
      "avg_win_pct": 53.59202576375287,
      "classification_rates": {
        "blunder": 0.11008540318497487,
        "inaccuracy": 0.0609224582080111,
        "mistake": 0.02884126995252934,
        "best": 0.20197404050074796,
        "ok": 0.594056517542554
      }
    },
    "black": {
      "avg_delta_win_pct": -8.890887630345507,
      "avg_eval_delta_cp": -168.92871062416086,
      "avg_cp_loss": 178.80212236090634,
      "avg_win_pct": 35.96172122665683,
      "classification_rates": {
        "blunder": 0.10276892423218714,
        "inaccuracy": 0.05266010339138528,
        "mistake": 0.02902053985538559,
        "best": 0.22007501256299897,
        "ok": 0.5843498788325019
      }
    },
    "total": {
      "avg_delta_win_pct": -9.077234049824169,
      "avg_eval_delta_cp": -172.51578553635235,
      "avg_cp_loss": 182.97290844085836,
      "avg_win_pct": 44.941218325815825,
      "classification_rates": {
        "blunder": 0.10654571940992195,
        "inaccuracy": 0.05657791701743418,
        "mistake": 0.028924847574804576,
        "best": 0.21114577998654005,
        "ok": 0.5891352486039697
      }
    }
  }
}