{
  "phase": "Opening",
  "lvl-1_vs_grok-3-mini-beta-high": {
    "games_processed": 30,
    "avg_delta_win_pct": -11.96316206914784,
    "avg_eval_delta_cp": -169.7031746031746,
    "avg_cp_loss": 171.46190476190475,
    "avg_win_pct": 43.50921764812947,
    "classification_rates": {
      "blunder": 0.14126984126984127,
      "inaccuracy": 0.13015873015873014,
      "mistake": 0.07142857142857142,
      "best": 0.16984126984126982,
      "ok": 0.4873015873015873
    }
  }
}