{
  "phase": "Opening",
  "lvl-1_vs_grok-3-mini-beta-high": {
    "games_processed": 30,
    "white": {
      "avg_delta_win_pct": -12.645791818351015,
      "avg_eval_delta_cp": -181.66666666666666,
      "avg_cp_loss": 183.06060606060606,
      "avg_win_pct": 32.896268421185816,
      "classification_rates": {
        "blunder": 0.13636363636363635,
        "inaccuracy": 0.15757575757575756,
        "mistake": 0.07878787878787878,
        "best": 0.13636363636363635,
        "ok": 0.4909090909090909
      }
    },
    "black": {
      "avg_delta_win_pct": -11.212269345024348,
      "avg_eval_delta_cp": -156.54333333333332,
      "avg_cp_loss": 158.70333333333335,
      "avg_win_pct": 55.18346179776749,
      "classification_rates": {
        "blunder": 0.14666666666666667,
        "inaccuracy": 0.1,
        "mistake": 0.06333333333333334,
        "best": 0.20666666666666667,
        "ok": 0.48333333333333334
      }
    },
    "total": {
      "avg_delta_win_pct": -11.96316206914784,
      "avg_eval_delta_cp": -169.7031746031746,
      "avg_cp_loss": 171.46190476190475,
      "avg_win_pct": 43.50921764812947,
      "classification_rates": {
        "blunder": 0.14126984126984127,
        "inaccuracy": 0.13015873015873014,
        "mistake": 0.07142857142857142,
        "best": 0.16984126984126982,
        "ok": 0.4873015873015873
      }
    }
  }
}