{
  "phase": "Overall",
  "lvl-1_vs_grok-3-mini-beta-high": {
    "games_processed": 30,
    "avg_delta_win_pct": -5.2761126830776135,
    "avg_eval_delta_cp": -100.14587628956261,
    "avg_cp_loss": 131.27840857243234,
    "avg_win_pct": 47.49064477541231,
    "classification_rates": {
      "blunder": 0.060243497331030293,
      "inaccuracy": 0.04601329652532261,
      "mistake": 0.019748480368278257,
      "best": 0.203579181220571,
      "ok": 0.6634884956661179
    }
  }
}