{
  "phase": "Middlegame",
  "lvl-1_vs_o3-2025-04-16-low": {
    "games_processed": 30,
    "white": {
      "avg_delta_win_pct": -5.562868633710299,
      "avg_eval_delta_cp": -105.92573592632907,
      "avg_cp_loss": 115.71170931094518,
      "avg_win_pct": 63.81538340048185,
      "classification_rates": {
        "blunder": 0.06942370985539865,
        "inaccuracy": 0.03380254154447703,
        "mistake": 0.024298712040647524,
        "best": 0.3017327059751618,
        "ok": 0.5106952009655398
      }
    },
    "black": {
      "avg_delta_win_pct": -5.076816198245824,
      "avg_eval_delta_cp": -100.44032671719978,
      "avg_cp_loss": 124.2490979264973,
      "avg_win_pct": 26.532759269337873,
      "classification_rates": {
        "blunder": 0.07587517058105293,
        "inaccuracy": 0.051106083459024634,
        "mistake": 0.0,
        "best": 0.28642061412959247,
        "ok": 0.5102245054567036
      }
    },
    "total": {
      "avg_delta_win_pct": -5.311649975186932,
      "avg_eval_delta_cp": -103.06799006519611,
      "avg_cp_loss": 119.83060385469736,
      "avg_win_pct": 45.71756975823074,
      "classification_rates": {
        "blunder": 0.07267129134024386,
        "inaccuracy": 0.042167692611797175,
        "mistake": 0.012260733801717409,
        "best": 0.29491225054094816,
        "ok": 0.5092653636500941
      }
    }
  }
}