{
  "phase": "Opening",
  "grok-3-mini-beta": {
    "games_processed": 30,
    "white": {
      "avg_delta_win_pct": -16.38203207075916,
      "avg_eval_delta_cp": -264.0,
      "avg_cp_loss": 265.6,
      "avg_win_pct": 24.75851135339576,
      "classification_rates": {
        "blunder": 0.19090909090909092,
        "inaccuracy": 0.21515151515151515,
        "mistake": 0.06666666666666667,
        "best": 0.048484848484848485,
        "ok": 0.47878787878787876
      }
    },
    "black": {
      "avg_delta_win_pct": -13.638598412503349,
      "avg_eval_delta_cp": -216.25,
      "avg_cp_loss": 218.87666666666667,
      "avg_win_pct": 60.11030357911218,
      "classification_rates": {
        "blunder": 0.18,
        "inaccuracy": 0.15333333333333335,
        "mistake": 0.060000000000000005,
        "best": 0.16666666666666666,
        "ok": 0.44
      }
    },
    "total": {
      "avg_delta_win_pct": -15.075635090637345,
      "avg_eval_delta_cp": -241.26190476190476,
      "avg_cp_loss": 243.35079365079363,
      "avg_win_pct": 41.592698127546434,
      "classification_rates": {
        "blunder": 0.1857142857142857,
        "inaccuracy": 0.1857142857142857,
        "mistake": 0.06349206349206349,
        "best": 0.10476190476190475,
        "ok": 0.4603174603174603
      }
    }
  }
}