{
  "phase": "Middlegame",
  "lvl-1_vs_o4-mini-2025-04-16-low": {
    "games_processed": 30,
    "white": {
      "avg_delta_win_pct": -17.576024357219474,
      "avg_eval_delta_cp": -316.8110315275431,
      "avg_cp_loss": 327.4793417569632,
      "avg_win_pct": 36.029799582334384,
      "classification_rates": {
        "blunder": 0.22586648104474222,
        "inaccuracy": 0.08382003820690226,
        "mistake": 0.06677659918977903,
        "best": 0.12077725144259154,
        "ok": 0.5000929634493183
      }
    },
    "black": {
      "avg_delta_win_pct": -16.942329681517613,
      "avg_eval_delta_cp": -309.7818069939604,
      "avg_cp_loss": 317.7991507281341,
      "avg_win_pct": 47.81227297530021,
      "classification_rates": {
        "blunder": 0.2032892816338459,
        "inaccuracy": 0.07692152763563456,
        "mistake": 0.07088763800887186,
        "best": 0.14940716759489417,
        "ok": 0.4881375654758162
      }
    },
    "total": {
      "avg_delta_win_pct": -17.244865498820104,
      "avg_eval_delta_cp": -313.05897801915285,
      "avg_cp_loss": 322.3547017344078,
      "avg_win_pct": 41.9554668529004,
      "classification_rates": {
        "blunder": 0.21444876108231498,
        "inaccuracy": 0.08037117008585726,
        "mistake": 0.06880216718776903,
        "best": 0.13541211237424786,
        "ok": 0.49392683522665515
      }
    }
  }
}