{
  "phase": "Opening",
  "lvl-1_vs_o4-mini-2025-04-16-high": {
    "games_processed": 30,
    "white": {
      "avg_delta_win_pct": -8.994959845042212,
      "avg_eval_delta_cp": -127.70787878787878,
      "avg_cp_loss": 129.1321212121212,
      "avg_win_pct": 33.26830024640812,
      "classification_rates": {
        "blunder": 0.06666666666666667,
        "inaccuracy": 0.14363636363636365,
        "mistake": 0.027272727272727275,
        "best": 0.1006060606060606,
        "ok": 0.6587878787878788
      }
    },
    "black": {
      "avg_delta_win_pct": -7.023692243938077,
      "avg_eval_delta_cp": -96.79333333333334,
      "avg_cp_loss": 98.78333333333333,
      "avg_win_pct": 58.873362337092566,
      "classification_rates": {
        "blunder": 0.08333333333333334,
        "inaccuracy": 0.06666666666666667,
        "mistake": 0.013333333333333334,
        "best": 0.23833333333333334,
        "ok": 0.5983333333333333
      }
    },
    "total": {
      "avg_delta_win_pct": -8.06266445173705,
      "avg_eval_delta_cp": -113.06613756613757,
      "avg_cp_loss": 114.75396825396825,
      "avg_win_pct": 45.44652661512431,
      "classification_rates": {
        "blunder": 0.0746031746031746,
        "inaccuracy": 0.1074074074074074,
        "mistake": 0.020634920634920634,
        "best": 0.1656084656084656,
        "ok": 0.6301587301587301
      }
    }
  }
}