{
  "phase": "Overall",
  "lvl-1_vs_o4-mini-2025-04-16-high": {
    "games_processed": 30,
    "white": {
      "avg_delta_win_pct": -5.786511552243224,
      "avg_eval_delta_cp": -103.84885658317154,
      "avg_cp_loss": 132.62513916907534,
      "avg_win_pct": 20.638635783117664,
      "classification_rates": {
        "blunder": 0.055671434698612556,
        "inaccuracy": 0.0781407398594497,
        "mistake": 0.016263926771443536,
        "best": 0.24433788321173933,
        "ok": 0.5965445380165788
      }
    },
    "black": {
      "avg_delta_win_pct": -5.52314617028566,
      "avg_eval_delta_cp": -102.66282881682345,
      "avg_cp_loss": 133.6920062541398,
      "avg_win_pct": 74.0862201402236,
      "classification_rates": {
        "blunder": 0.06577582465277806,
        "inaccuracy": 0.052052292827674054,
        "mistake": 0.014288723272302763,
        "best": 0.23364904201489048,
        "ok": 0.625399777661934
      }
    },
    "total": {
      "avg_delta_win_pct": -5.661396352045969,
      "avg_eval_delta_cp": -103.2852390860915,
      "avg_cp_loss": 133.17819370294924,
      "avg_win_pct": 47.28004809579074,
      "classification_rates": {
        "blunder": 0.060597692178561306,
        "inaccuracy": 0.06576980766445169,
        "mistake": 0.01526042203438613,
        "best": 0.23785969322796743,
        "ok": 0.6114637646377538
      }
    }
  }
}