{
  "phase": "Overall",
  "gpt-4.1-mini-2025-04-14": {
    "games_processed": 30,
    "white": {
      "avg_delta_win_pct": -23.042754774432016,
      "avg_eval_delta_cp": -405.8059357785932,
      "avg_cp_loss": 413.23016957672826,
      "avg_win_pct": 50.34113128224664,
      "classification_rates": {
        "blunder": 0.29910511819983177,
        "inaccuracy": 0.14845326596568664,
        "mistake": 0.09061431290809994,
        "best": 0.02599429144861955,
        "ok": 0.43519198583673646
      }
    },
    "black": {
      "avg_delta_win_pct": -23.52972617665624,
      "avg_eval_delta_cp": -411.23760356575133,
      "avg_cp_loss": 422.9561619997399,
      "avg_win_pct": 26.353368956290375,
      "classification_rates": {
        "blunder": 0.3125769292601995,
        "inaccuracy": 0.1337073535602628,
        "mistake": 0.08674694273825136,
        "best": 0.04108165439417851,
        "ok": 0.4192358244827688
      }
    },
    "total": {
      "avg_delta_win_pct": -23.28446932682528,
      "avg_eval_delta_cp": -408.4960740801149,
      "avg_cp_loss": 418.0635413961329,
      "avg_win_pct": 38.37869751676128,
      "classification_rates": {
        "blunder": 0.3057589390336682,
        "inaccuracy": 0.14122208442192355,
        "mistake": 0.08867032560332055,
        "best": 0.033529509710940895,
        "ok": 0.427169868852508
      }
    }
  }
}