{
  "phase": "Opening",
  "o4-mini-2025-04-16-medium": {
    "games_processed": 30,
    "white": {
      "avg_delta_win_pct": -11.524381685485356,
      "avg_eval_delta_cp": -189.64285714285714,
      "avg_cp_loss": 195.03073593073594,
      "avg_win_pct": 24.848611547887547,
      "classification_rates": {
        "blunder": 0.09264069264069265,
        "inaccuracy": 0.15627705627705626,
        "mistake": 0.06406926406926407,
        "best": 0.07445887445887446,
        "ok": 0.6125541125541125
      }
    },
    "black": {
      "avg_delta_win_pct": -8.288228302590383,
      "avg_eval_delta_cp": -129.50809523809525,
      "avg_cp_loss": 134.4347619047619,
      "avg_win_pct": 65.48460436874916,
      "classification_rates": {
        "blunder": 0.0880952380952381,
        "inaccuracy": 0.1,
        "mistake": 0.018095238095238095,
        "best": 0.22476190476190477,
        "ok": 0.5642857142857143
      }
    },
    "total": {
      "avg_delta_win_pct": -9.97757102882077,
      "avg_eval_delta_cp": -160.88968253968255,
      "avg_cp_loss": 166.05793650793652,
      "avg_win_pct": 44.24237817781131,
      "classification_rates": {
        "blunder": 0.09047619047619047,
        "inaccuracy": 0.12936507936507935,
        "mistake": 0.04206349206349206,
        "best": 0.146031746031746,
        "ok": 0.5896825396825397
      }
    }
  }
}