{
  "phase": "Overall",
  "o4-mini-2025-04-16-medium": {
    "games_processed": 30,
    "white": {
      "avg_delta_win_pct": -5.31041293068662,
      "avg_eval_delta_cp": -102.85615699910267,
      "avg_cp_loss": 126.49690236074908,
      "avg_win_pct": 10.721077906913402,
      "classification_rates": {
        "blunder": 0.046554232850613,
        "inaccuracy": 0.0615636136471029,
        "mistake": 0.029535390278664052,
        "best": 0.18723985823223474,
        "ok": 0.6728492331935999
      }
    },
    "black": {
      "avg_delta_win_pct": -3.892596722596148,
      "avg_eval_delta_cp": -75.87571713331259,
      "avg_cp_loss": 103.28925293928089,
      "avg_win_pct": 85.50243783830182,
      "classification_rates": {
        "blunder": 0.041972790265104726,
        "inaccuracy": 0.04003648842500645,
        "mistake": 0.011187534518179679,
        "best": 0.19456245023234092,
        "ok": 0.6821369382175936
      }
    },
    "total": {
      "avg_delta_win_pct": -4.601518837979378,
      "avg_eval_delta_cp": -89.36891147617196,
      "avg_cp_loss": 114.88462509792933,
      "avg_win_pct": 48.065348864143125,
      "classification_rates": {
        "blunder": 0.04425796948505059,
        "inaccuracy": 0.050801601274645336,
        "mistake": 0.02036611582766264,
        "best": 0.1909561923895734,
        "ok": 0.6774309202485116
      }
    }
  }
}