{
  "phase": "Overall",
  "lvl-1_vs_grok-3-mini-beta-high": {
    "games_processed": 30,
    "white": {
      "avg_delta_win_pct": -5.236770358382962,
      "avg_eval_delta_cp": -96.20857100442154,
      "avg_cp_loss": 127.06846279089608,
      "avg_win_pct": 20.366594707994913,
      "classification_rates": {
        "blunder": 0.05723013896269061,
        "inaccuracy": 0.05137764226626471,
        "mistake": 0.021430780377803407,
        "best": 0.23535107175580774,
        "ok": 0.6266447323457212
      }
    },
    "black": {
      "avg_delta_win_pct": -5.321429607313398,
      "avg_eval_delta_cp": -104.22251814775144,
      "avg_cp_loss": 135.5742561004714,
      "avg_win_pct": 74.68710525111777,
      "classification_rates": {
        "blunder": 0.06344464293864503,
        "inaccuracy": 0.04049807576467722,
        "mistake": 0.018043115535739847,
        "best": 0.17176902172344138,
        "ok": 0.7004826551798199
      }
    },
    "total": {
      "avg_delta_win_pct": -5.2761126830776135,
      "avg_eval_delta_cp": -100.14587628956261,
      "avg_cp_loss": 131.27840857243234,
      "avg_win_pct": 47.49064477541231,
      "classification_rates": {
        "blunder": 0.060243497331030293,
        "inaccuracy": 0.04601329652532261,
        "mistake": 0.019748480368278257,
        "best": 0.203579181220571,
        "ok": 0.6634884956661179
      }
    }
  }
}