{
  "phase": "Middlegame",
  "claude-3-7-sonnet-20250219-thinking_budget_2048": {
    "games_processed": 30,
    "avg_delta_win_pct": -13.253645444681517,
    "avg_eval_delta_cp": -284.7563529949397,
    "avg_cp_loss": 307.5569696626548,
    "avg_win_pct": 43.276704835357755,
    "classification_rates": {
      "blunder": 0.16194758516706428,
      "inaccuracy": 0.07068537412438988,
      "mistake": 0.024259399549487703,
      "best": 0.11085868986850127,
      "ok": 0.6311774125918211
    }
  }
}