{
  "phase": "Middlegame",
  "claude-3-7-sonnet-20250219-thinking_budget_2048": {
    "games_processed": 30,
    "white": {
      "avg_delta_win_pct": -12.984349152868377,
      "avg_eval_delta_cp": -282.3721415346187,
      "avg_cp_loss": 305.5886146603203,
      "avg_win_pct": 71.22273257004967,
      "classification_rates": {
        "blunder": 0.1586895790139304,
        "inaccuracy": 0.07483606149600627,
        "mistake": 0.024259514242789406,
        "best": 0.116388389455875,
        "ok": 0.6244375669025101
      }
    },
    "black": {
      "avg_delta_win_pct": -13.542876298719307,
      "avg_eval_delta_cp": -287.45016234523274,
      "avg_cp_loss": 309.8356758994008,
      "avg_win_pct": 15.029203484893728,
      "classification_rates": {
        "blunder": 0.16557248578402717,
        "inaccuracy": 0.06662694480138584,
        "mistake": 0.024083439716256667,
        "best": 0.10532691897925098,
        "ok": 0.6376655730379199
      }
    },
    "total": {
      "avg_delta_win_pct": -13.253645444681517,
      "avg_eval_delta_cp": -284.7563529949397,
      "avg_cp_loss": 307.5569696626548,
      "avg_win_pct": 43.276704835357755,
      "classification_rates": {
        "blunder": 0.16194758516706428,
        "inaccuracy": 0.07068537412438988,
        "mistake": 0.024259399549487703,
        "best": 0.11085868986850127,
        "ok": 0.6311774125918211
      }
    }
  }
}