{
  "phase": "Opening",
  "claude-3-7-sonnet-20250219-thinking_budget_2048": {
    "games_processed": 30,
    "avg_delta_win_pct": -16.59696573625836,
    "avg_eval_delta_cp": -248.8111111111111,
    "avg_cp_loss": 249.65555555555557,
    "avg_win_pct": 40.94384332804678,
    "classification_rates": {
      "blunder": 0.1857142857142857,
      "inaccuracy": 0.16984126984126982,
      "mistake": 0.12698412698412698,
      "best": 0.08888888888888888,
      "ok": 0.42857142857142855
    }
  }
}