{
  "phase": "Opening",
  "claude-3-7-sonnet-20250219-thinking_budget_2048": {
    "games_processed": 30,
    "white": {
      "avg_delta_win_pct": -17.56741320689498,
      "avg_eval_delta_cp": -264.6484848484848,
      "avg_cp_loss": 265.24848484848485,
      "avg_win_pct": 27.343612467236955,
      "classification_rates": {
        "blunder": 0.19696969696969696,
        "inaccuracy": 0.2,
        "mistake": 0.12727272727272726,
        "best": 0.045454545454545456,
        "ok": 0.4303030303030303
      }
    },
    "black": {
      "avg_delta_win_pct": -15.52947351855807,
      "avg_eval_delta_cp": -231.39000000000001,
      "avg_cp_loss": 232.50333333333333,
      "avg_win_pct": 55.904097274937584,
      "classification_rates": {
        "blunder": 0.17333333333333334,
        "inaccuracy": 0.13666666666666666,
        "mistake": 0.12666666666666668,
        "best": 0.13666666666666666,
        "ok": 0.4266666666666667
      }
    },
    "total": {
      "avg_delta_win_pct": -16.59696573625836,
      "avg_eval_delta_cp": -248.8111111111111,
      "avg_cp_loss": 249.65555555555557,
      "avg_win_pct": 40.94384332804678,
      "classification_rates": {
        "blunder": 0.1857142857142857,
        "inaccuracy": 0.16984126984126982,
        "mistake": 0.12698412698412698,
        "best": 0.08888888888888888,
        "ok": 0.42857142857142855
      }
    }
  }
}