{
  "phase": "Overall",
  "claude-3-7-sonnet-20250219-thinking_budget_2048": {
    "games_processed": 30,
    "avg_delta_win_pct": -10.649514946785404,
    "avg_eval_delta_cp": -216.50246476512993,
    "avg_cp_loss": 262.26336022165634,
    "avg_win_pct": 44.712662735464235,
    "classification_rates": {
      "blunder": 0.13086981997161928,
      "inaccuracy": 0.06524732877641493,
      "mistake": 0.033099976285336945,
      "best": 0.12769308074416766,
      "ok": 0.6409934553966385
    }
  }
}