{
  "phase": "Overall",
  "claude-3-7-sonnet-20250219-thinking_budget_2048": {
    "games_processed": 30,
    "white": {
      "avg_delta_win_pct": -10.686085772778158,
      "avg_eval_delta_cp": -216.23152657944595,
      "avg_cp_loss": 257.5258655228199,
      "avg_win_pct": 14.829197101193934,
      "classification_rates": {
        "blunder": 0.12970588865317015,
        "inaccuracy": 0.06735165438443787,
        "mistake": 0.03549015009176646,
        "best": 0.12666700125448033,
        "ok": 0.639221810493848
      }
    },
    "black": {
      "avg_delta_win_pct": -10.612388977159235,
      "avg_eval_delta_cp": -216.77157124824913,
      "avg_cp_loss": 266.9962388977204,
      "avg_win_pct": 74.66005962195726,
      "classification_rates": {
        "blunder": 0.13204085471007138,
        "inaccuracy": 0.06318994327382867,
        "mistake": 0.03066474504055827,
        "best": 0.1287450958456258,
        "ok": 0.642739749205243
      }
    },
    "total": {
      "avg_delta_win_pct": -10.649514946785404,
      "avg_eval_delta_cp": -216.50246476512993,
      "avg_cp_loss": 262.26336022165634,
      "avg_win_pct": 44.712662735464235,
      "classification_rates": {
        "blunder": 0.13086981997161928,
        "inaccuracy": 0.06524732877641493,
        "mistake": 0.033099976285336945,
        "best": 0.12769308074416766,
        "ok": 0.6409934553966385
      }
    }
  }
}