{
  "phase": "Middlegame",
  "grok-3-mini-beta": {
    "games_processed": 30,
    "avg_delta_win_pct": -5.552857548368222,
    "avg_eval_delta_cp": -117.46734713318132,
    "avg_cp_loss": 155.36115498206823,
    "avg_win_pct": 47.02739374881313,
    "classification_rates": {
      "blunder": 0.062334851494516015,
      "inaccuracy": 0.042480860708189135,
      "mistake": 0.013309199657199311,
      "best": 0.13446779940529568,
      "ok": 0.7393549550124023
    }
  }
}