{
  "phase": "Middlegame",
  "grok-3-mini-beta": {
    "games_processed": 30,
    "white": {
      "avg_delta_win_pct": -5.2712484468051874,
      "avg_eval_delta_cp": -112.06106895384319,
      "avg_cp_loss": 152.41160830603394,
      "avg_win_pct": 68.81660434199064,
      "classification_rates": {
        "blunder": 0.061113619275729926,
        "inaccuracy": 0.038099160693176946,
        "mistake": 0.010034554344017258,
        "best": 0.12556895116537078,
        "ok": 0.7565035591193511
      }
    },
    "black": {
      "avg_delta_win_pct": -5.846728570451883,
      "avg_eval_delta_cp": -123.07196941194721,
      "avg_cp_loss": 158.53809496587158,
      "avg_win_pct": 24.836610170671957,
      "classification_rates": {
        "blunder": 0.06375926421908515,
        "inaccuracy": 0.04668719057833168,
        "mistake": 0.016699530212828318,
        "best": 0.1429010916489014,
        "ok": 0.7227182462532351
      }
    },
    "total": {
      "avg_delta_win_pct": -5.552857548368222,
      "avg_eval_delta_cp": -117.46734713318132,
      "avg_cp_loss": 155.36115498206823,
      "avg_win_pct": 47.02739374881313,
      "classification_rates": {
        "blunder": 0.062334851494516015,
        "inaccuracy": 0.042480860708189135,
        "mistake": 0.013309199657199311,
        "best": 0.13446779940529568,
        "ok": 0.7393549550124023
      }
    }
  }
}