{
  "phase": "Opening",
  "grok-3-mini-beta": {
    "games_processed": 30,
    "avg_delta_win_pct": -14.787334288011946,
    "avg_eval_delta_cp": -226.52539682539683,
    "avg_cp_loss": 227.4904761904762,
    "avg_win_pct": 41.88545763538329,
    "classification_rates": {
      "blunder": 0.19365079365079363,
      "inaccuracy": 0.14126984126984127,
      "mistake": 0.06349206349206349,
      "best": 0.09682539682539681,
      "ok": 0.5047619047619047
    }
  }
}