{
  "phase": "Overall",
  "grok-3-mini-beta": {
    "games_processed": 30,
    "white": {
      "avg_delta_win_pct": -5.948048341966638,
      "avg_eval_delta_cp": -111.2513572678472,
      "avg_cp_loss": 146.41692751973795,
      "avg_win_pct": 10.104334737093609,
      "classification_rates": {
        "blunder": 0.07169701479449206,
        "inaccuracy": 0.051322186505245185,
        "mistake": 0.022099968380837005,
        "best": 0.1597950159210386,
        "ok": 0.6931913691246315
      }
    },
    "black": {
      "avg_delta_win_pct": -5.414393340409314,
      "avg_eval_delta_cp": -99.362012421925,
      "avg_cp_loss": 141.18054206093683,
      "avg_win_pct": 84.57187313462272,
      "classification_rates": {
        "blunder": 0.06670118512658248,
        "inaccuracy": 0.03914912884518533,
        "mistake": 0.018985103584398547,
        "best": 0.11209744370527477,
        "ok": 0.7507307480337061
      }
    },
    "total": {
      "avg_delta_win_pct": -5.681193199128321,
      "avg_eval_delta_cp": -105.31173076201993,
      "avg_cp_loss": 143.79114763071934,
      "avg_win_pct": 47.302665558464916,
      "classification_rates": {
        "blunder": 0.06919493398848148,
        "inaccuracy": 0.04523963815768432,
        "mistake": 0.020546481178275695,
        "best": 0.13599040275779034,
        "ok": 0.7219076469677085
      }
    }
  }
}