{
  "phase": "Overall",
  "grok-3-mini-beta": {
    "games_processed": 30,
    "avg_delta_win_pct": -5.681193199128321,
    "avg_eval_delta_cp": -105.31173076201993,
    "avg_cp_loss": 143.79114763071934,
    "avg_win_pct": 47.302665558464916,
    "classification_rates": {
      "blunder": 0.06919493398848148,
      "inaccuracy": 0.04523963815768432,
      "mistake": 0.020546481178275695,
      "best": 0.13599040275779034,
      "ok": 0.7219076469677085
    }
  }
}