{
  "phase": "Middlegame",
  "o4-mini": {
    "games_processed": 30,
    "white": {
      "avg_delta_win_pct": -2.768994307785623,
      "avg_eval_delta_cp": -58.280050955422446,
      "avg_cp_loss": 106.72317917685676,
      "avg_win_pct": 80.60583159725557,
      "classification_rates": {
        "blunder": 0.02942802124663748,
        "inaccuracy": 0.026467947024168142,
        "mistake": 0.014314772438342232,
        "best": 0.1915247987360766,
        "ok": 0.6614724635340745
      }
    },
    "black": {
      "avg_delta_win_pct": -3.2235373178696727,
      "avg_eval_delta_cp": -76.5944368794056,
      "avg_cp_loss": 109.6751426454428,
      "avg_win_pct": 12.13137895010217,
      "classification_rates": {
        "blunder": 0.03449429320996827,
        "inaccuracy": 0.032306115890212,
        "mistake": 0.021277056277056276,
        "best": 0.17657929952499185,
        "ok": 0.6888213473994133
      }
    },
    "total": {
      "avg_delta_win_pct": -2.9964592195217166,
      "avg_eval_delta_cp": -67.63261669478032,
      "avg_cp_loss": 108.39019040836405,
      "avg_win_pct": 47.566503443531516,
      "classification_rates": {
        "blunder": 0.031957359165005944,
        "inaccuracy": 0.029433335531498694,
        "mistake": 0.017739626844890003,
        "best": 0.18400997498327898,
        "ok": 0.6719153874346527
      }
    }
  }
}