{
  "phase": "Middlegame",
  "lvl-2_vs_o4-mini-2025-04-16-high": {
    "games_processed": 30,
    "avg_delta_win_pct": -5.844779826642684,
    "avg_eval_delta_cp": -106.18706770044801,
    "avg_cp_loss": 113.65102906721906,
    "avg_win_pct": 41.275710718745756,
    "classification_rates": {
      "blunder": 0.06672712524271333,
      "inaccuracy": 0.0335270225846513,
      "mistake": 0.027615895224342712,
      "best": 0.21968098332416827,
      "ok": 0.5503122214873722
    }
  }
}