{
  "phase": "Middlegame",
  "lvl-2_vs_o4-mini-2025-04-16-high": {
    "games_processed": 30,
    "white": {
      "avg_delta_win_pct": -6.0949714991262205,
      "avg_eval_delta_cp": -111.44237465371774,
      "avg_cp_loss": 118.53428043573595,
      "avg_win_pct": 57.79374791118667,
      "classification_rates": {
        "blunder": 0.07079567829567829,
        "inaccuracy": 0.04011964511964512,
        "mistake": 0.04276884026884027,
        "best": 0.22643174766488108,
        "ok": 0.5182174219842886
      }
    },
    "black": {
      "avg_delta_win_pct": -5.589137358215991,
      "avg_eval_delta_cp": -100.68323508558838,
      "avg_cp_loss": 108.57374157737134,
      "avg_win_pct": 24.305856926023512,
      "classification_rates": {
        "blunder": 0.06273643023643023,
        "inaccuracy": 0.026748923591028855,
        "mistake": 0.012350427350427351,
        "best": 0.21246171749650272,
        "ok": 0.5831383987615083
      }
    },
    "total": {
      "avg_delta_win_pct": -5.844779826642684,
      "avg_eval_delta_cp": -106.18706770044801,
      "avg_cp_loss": 113.65102906721906,
      "avg_win_pct": 41.275710718745756,
      "classification_rates": {
        "blunder": 0.06672712524271333,
        "inaccuracy": 0.0335270225846513,
        "mistake": 0.027615895224342712,
        "best": 0.21968098332416827,
        "ok": 0.5503122214873722
      }
    }
  }
}