{
  "phase": "Opening",
  "lvl-2_vs_o4-mini-2025-04-16-high": {
    "games_processed": 30,
    "white": {
      "avg_delta_win_pct": -11.169553701711555,
      "avg_eval_delta_cp": -167.24242424242425,
      "avg_cp_loss": 167.9030303030303,
      "avg_win_pct": 33.75162722120071,
      "classification_rates": {
        "blunder": 0.09696969696969697,
        "inaccuracy": 0.16666666666666666,
        "mistake": 0.04242424242424243,
        "best": 0.1,
        "ok": 0.593939393939394
      }
    },
    "black": {
      "avg_delta_win_pct": -8.924292283345068,
      "avg_eval_delta_cp": -129.18333333333334,
      "avg_cp_loss": 131.21,
      "avg_win_pct": 55.926221038762165,
      "classification_rates": {
        "blunder": 0.11,
        "inaccuracy": 0.11,
        "mistake": 0.016666666666666666,
        "best": 0.20333333333333334,
        "ok": 0.5599999999999999
      }
    },
    "total": {
      "avg_delta_win_pct": -10.100381597727512,
      "avg_eval_delta_cp": -149.11904761904762,
      "avg_cp_loss": 150.43015873015872,
      "avg_win_pct": 44.310957610515686,
      "classification_rates": {
        "blunder": 0.10317460317460317,
        "inaccuracy": 0.13968253968253969,
        "mistake": 0.030158730158730156,
        "best": 0.1492063492063492,
        "ok": 0.5777777777777777
      }
    }
  }
}