{
  "phase": "Opening",
  "lvl-2_vs_o4-mini-2025-04-16-high": {
    "games_processed": 30,
    "avg_delta_win_pct": -10.100381597727512,
    "avg_eval_delta_cp": -149.11904761904762,
    "avg_cp_loss": 150.43015873015872,
    "avg_win_pct": 44.310957610515686,
    "classification_rates": {
      "blunder": 0.10317460317460317,
      "inaccuracy": 0.13968253968253969,
      "mistake": 0.030158730158730156,
      "best": 0.1492063492063492,
      "ok": 0.5777777777777777
    }
  }
}