{
  "phase": "Overall",
  "lvl-2_vs_o4-mini-2025-04-16-high": {
    "games_processed": 30,
    "white": {
      "avg_delta_win_pct": -6.0144015304576905,
      "avg_eval_delta_cp": -92.35436127544915,
      "avg_cp_loss": 116.61277152491145,
      "avg_win_pct": 25.562567017165133,
      "classification_rates": {
        "blunder": 0.053301296575552964,
        "inaccuracy": 0.06669233365736602,
        "mistake": 0.02942608067463511,
        "best": 0.21091565329237613,
        "ok": 0.6342107817871395
      }
    },
    "black": {
      "avg_delta_win_pct": -5.687983584685266,
      "avg_eval_delta_cp": -91.99757111550821,
      "avg_cp_loss": 121.952070348817,
      "avg_win_pct": 68.75631557794748,
      "classification_rates": {
        "blunder": 0.06421623167071928,
        "inaccuracy": 0.063718325728667,
        "mistake": 0.02069259046377939,
        "best": 0.18569281904239157,
        "ok": 0.6607906956952251
      }
    },
    "total": {
      "avg_delta_win_pct": -5.855276949062168,
      "avg_eval_delta_cp": -92.21984718780963,
      "avg_cp_loss": 119.32155002739479,
      "avg_win_pct": 47.04891615258503,
      "classification_rates": {
        "blunder": 0.05850563585070382,
        "inaccuracy": 0.06510122077472508,
        "mistake": 0.02525111681506646,
        "best": 0.19821800438031736,
        "ok": 0.6477328370140117
      }
    }
  }
}