{
  "phase": "Overall",
  "lvl-2_vs_o4-mini-2025-04-16-high": {
    "games_processed": 30,
    "avg_delta_win_pct": -5.855276949062168,
    "avg_eval_delta_cp": -92.21984718780963,
    "avg_cp_loss": 119.32155002739479,
    "avg_win_pct": 47.04891615258503,
    "classification_rates": {
      "blunder": 0.05850563585070382,
      "inaccuracy": 0.06510122077472508,
      "mistake": 0.02525111681506646,
      "best": 0.19821800438031736,
      "ok": 0.6477328370140117
    }
  }
}