{
  "phase": "Middlegame",
  "lvl-1_vs_claude-3-7-sonnet-20250219-thinking-budget-10000": {
    "games_processed": 30,
    "avg_delta_win_pct": -12.31374451940585,
    "avg_eval_delta_cp": -231.21004016080917,
    "avg_cp_loss": 239.30633676788318,
    "avg_win_pct": 45.06404148900386,
    "classification_rates": {
      "blunder": 0.15374705090215127,
      "inaccuracy": 0.09295025155966324,
      "mistake": 0.03357658994460618,
      "best": 0.11890328195314263,
      "ok": 0.5614212771546325
    }
  }
}