{
  "phase": "Middlegame",
  "lvl-1_vs_claude-3-7-sonnet-20250219-thinking-budget-10000": {
    "games_processed": 30,
    "white": {
      "avg_delta_win_pct": -14.75305545221847,
      "avg_eval_delta_cp": -277.7917991305224,
      "avg_cp_loss": 286.36655158847805,
      "avg_win_pct": 29.340505305600747,
      "classification_rates": {
        "blunder": 0.19209155244258802,
        "inaccuracy": 0.10371154665402593,
        "mistake": 0.03305550804195394,
        "best": 0.0888875349145731,
        "ok": 0.5800658237588248
      }
    },
    "black": {
      "avg_delta_win_pct": -9.874666710233473,
      "avg_eval_delta_cp": -184.6565239951468,
      "avg_cp_loss": 192.26285280934505,
      "avg_win_pct": 60.778525772892266,
      "classification_rates": {
        "blunder": 0.115416123432829,
        "inaccuracy": 0.08219187840992047,
        "mistake": 0.03405942619849836,
        "best": 0.14887524463118024,
        "ok": 0.5428805754394516
      }
    },
    "total": {
      "avg_delta_win_pct": -12.31374451940585,
      "avg_eval_delta_cp": -231.21004016080917,
      "avg_cp_loss": 239.30633676788318,
      "avg_win_pct": 45.06404148900386,
      "classification_rates": {
        "blunder": 0.15374705090215127,
        "inaccuracy": 0.09295025155966324,
        "mistake": 0.03357658994460618,
        "best": 0.11890328195314263,
        "ok": 0.5614212771546325
      }
    }
  }
}