{
  "phase": "Opening",
  "lvl-1_vs_claude-3-7-sonnet-20250219-thinking-budget-10000": {
    "games_processed": 30,
    "avg_delta_win_pct": -11.415686922328861,
    "avg_eval_delta_cp": -149.85873015873017,
    "avg_cp_loss": 150.93174603174603,
    "avg_win_pct": 44.19521972449216,
    "classification_rates": {
      "blunder": 0.12063492063492062,
      "inaccuracy": 0.16666666666666666,
      "mistake": 0.05873015873015873,
      "best": 0.09682539682539681,
      "ok": 0.5571428571428572
    }
  }
}