{
  "phase": "Opening",
  "lvl-1_vs_claude-3-7-sonnet-20250219-thinking-budget-10000": {
    "games_processed": 30,
    "white": {
      "avg_delta_win_pct": -11.426120898818,
      "avg_eval_delta_cp": -151.71818181818182,
      "avg_cp_loss": 152.1060606060606,
      "avg_win_pct": 39.9288054777054,
      "classification_rates": {
        "blunder": 0.10303030303030303,
        "inaccuracy": 0.16666666666666666,
        "mistake": 0.06060606060606061,
        "best": 0.048484848484848485,
        "ok": 0.6212121212121212
      }
    },
    "black": {
      "avg_delta_win_pct": -11.404209548190808,
      "avg_eval_delta_cp": -147.81333333333333,
      "avg_cp_loss": 149.64,
      "avg_win_pct": 48.8882753959576,
      "classification_rates": {
        "blunder": 0.14,
        "inaccuracy": 0.16666666666666666,
        "mistake": 0.05666666666666667,
        "best": 0.15,
        "ok": 0.4866666666666667
      }
    },
    "total": {
      "avg_delta_win_pct": -11.415686922328861,
      "avg_eval_delta_cp": -149.85873015873017,
      "avg_cp_loss": 150.93174603174603,
      "avg_win_pct": 44.19521972449216,
      "classification_rates": {
        "blunder": 0.12063492063492062,
        "inaccuracy": 0.16666666666666666,
        "mistake": 0.05873015873015873,
        "best": 0.09682539682539681,
        "ok": 0.5571428571428572
      }
    }
  }
}