{
  "phase": "Overall",
  "lvl-1_vs_claude-3-7-sonnet-20250219-thinking-budget-10000": {
    "games_processed": 30,
    "avg_delta_win_pct": -10.222367012114814,
    "avg_eval_delta_cp": -172.54775007138426,
    "avg_cp_loss": 184.9315498769755,
    "avg_win_pct": 45.184208387287185,
    "classification_rates": {
      "blunder": 0.11980968390461669,
      "inaccuracy": 0.11396260756417446,
      "mistake": 0.03803460551161628,
      "best": 0.11971489075071644,
      "ok": 0.5960326119383514
    }
  }
}