{
  "phase": "Overall",
  "lvl-1_vs_claude-3-7-sonnet-20250219-thinking-budget-10000": {
    "games_processed": 30,
    "white": {
      "avg_delta_win_pct": -9.595530472075586,
      "avg_eval_delta_cp": -160.35922762651666,
      "avg_cp_loss": 171.29777470018618,
      "avg_win_pct": 56.24831682197127,
      "classification_rates": {
        "blunder": 0.10358353694591861,
        "inaccuracy": 0.1082774185232088,
        "mistake": 0.04166268728031632,
        "best": 0.11095495791291578,
        "ok": 0.6129434340901153
      }
    },
    "black": {
      "avg_delta_win_pct": -10.879482607250225,
      "avg_eval_delta_cp": -185.32796059272957,
      "avg_cp_loss": 199.1682599580933,
      "avg_win_pct": 33.88593005165321,
      "classification_rates": {
        "blunder": 0.1369072601951054,
        "inaccuracy": 0.11985940788921425,
        "mistake": 0.03417395105078882,
        "best": 0.12887484700639548,
        "ok": 0.5783877298394698
      }
    },
    "total": {
      "avg_delta_win_pct": -10.222367012114814,
      "avg_eval_delta_cp": -172.54775007138426,
      "avg_cp_loss": 184.9315498769755,
      "avg_win_pct": 45.184208387287185,
      "classification_rates": {
        "blunder": 0.11980968390461669,
        "inaccuracy": 0.11396260756417446,
        "mistake": 0.03803460551161628,
        "best": 0.11971489075071644,
        "ok": 0.5960326119383514
      }
    }
  }
}