{
  "phase": "Middlegame",
  "claude-3-5-haiku-20241022": {
    "games_processed": 30,
    "avg_delta_win_pct": -22.686580623344838,
    "avg_eval_delta_cp": -408.95476480632016,
    "avg_cp_loss": 423.80450925392637,
    "avg_win_pct": 38.62686452583783,
    "classification_rates": {
      "blunder": 0.2831548845725543,
      "inaccuracy": 0.13937137064097121,
      "mistake": 0.07138099055737829,
      "best": 0.04563296201112072,
      "ok": 0.44129760726288053
    }
  }
}