{
  "phase": "Opening",
  "claude-3-5-haiku-20241022": {
    "games_processed": 30,
    "avg_delta_win_pct": -22.359045548566534,
    "avg_eval_delta_cp": -291.63492063492066,
    "avg_cp_loss": 292.1206349206349,
    "avg_win_pct": 38.94518390973682,
    "classification_rates": {
      "blunder": 0.34285714285714286,
      "inaccuracy": 0.15555555555555556,
      "mistake": 0.08253968253968254,
      "best": 0.047619047619047616,
      "ok": 0.37142857142857144
    }
  }
}