{
  "phase": "Overall",
  "claude-3-5-haiku-20241022": {
    "games_processed": 30,
    "white": {
      "avg_delta_win_pct": -21.875728019993883,
      "avg_eval_delta_cp": -381.7460118549025,
      "avg_cp_loss": 391.11709423390687,
      "avg_win_pct": 48.29024329542638,
      "classification_rates": {
        "blunder": 0.2875548021750381,
        "inaccuracy": 0.1384144132233969,
        "mistake": 0.0669624571838728,
        "best": 0.041493214639766365,
        "ok": 0.46557511277792585
      }
    },
    "black": {
      "avg_delta_win_pct": -22.033186579812224,
      "avg_eval_delta_cp": -381.9609849352674,
      "avg_cp_loss": 395.17387042418346,
      "avg_win_pct": 29.72004938297354,
      "classification_rates": {
        "blunder": 0.29621437185145877,
        "inaccuracy": 0.11485113159654163,
        "mistake": 0.06988306399842507,
        "best": 0.052213444110628934,
        "ok": 0.4559590472087412
      }
    },
    "total": {
      "avg_delta_win_pct": -21.95440857095947,
      "avg_eval_delta_cp": -381.8525350554526,
      "avg_cp_loss": 393.14555572291687,
      "avg_win_pct": 39.01142051598269,
      "classification_rates": {
        "blunder": 0.29188452263265924,
        "inaccuracy": 0.12663273378161574,
        "mistake": 0.068421627492779,
        "best": 0.04685102455010426,
        "ok": 0.46077062092573956
      }
    }
  }
}