{
  "phase": "Overall",
  "claude-3-5-haiku-20241022": {
    "games_processed": 30,
    "avg_delta_win_pct": -21.95440857095947,
    "avg_eval_delta_cp": -381.8525350554526,
    "avg_cp_loss": 393.14555572291687,
    "avg_win_pct": 39.01142051598269,
    "classification_rates": {
      "blunder": 0.29188452263265924,
      "inaccuracy": 0.12663273378161574,
      "mistake": 0.068421627492779,
      "best": 0.04685102455010426,
      "ok": 0.46077062092573956
    }
  }
}