{
  "phase": "Middlegame",
  "o4-mini": {
    "games_processed": 30,
    "white": {
      "avg_delta_win_pct": -1.907650690164576,
      "avg_eval_delta_cp": -64.67006439816222,
      "avg_cp_loss": 95.87406098625728,
      "avg_win_pct": 79.75740407425928,
      "classification_rates": {
        "blunder": 0.015528711484593836,
        "inaccuracy": 0.021299019607843136,
        "mistake": 0.006004901960784314,
        "best": 0.2514494591796382,
        "ok": 0.6800168495660823
      }
    },
    "black": {
      "avg_delta_win_pct": -1.8930208505287391,
      "avg_eval_delta_cp": -56.73938924424538,
      "avg_cp_loss": 100.98474428278456,
      "avg_win_pct": 15.413626370359664,
      "classification_rates": {
        "blunder": 0.01958333333333333,
        "inaccuracy": 0.022460317460317458,
        "mistake": 0.0043055555555555555,
        "best": 0.20987388535022805,
        "ok": 0.7279503435609573
      }
    },
    "total": {
      "avg_delta_win_pct": -1.8997767755887502,
      "avg_eval_delta_cp": -60.85757890138236,
      "avg_cp_loss": 98.32993003299649,
      "avg_win_pct": 48.189956294680364,
      "classification_rates": {
        "blunder": 0.01745745294132391,
        "inaccuracy": 0.021949129846793917,
        "mistake": 0.005180840664711633,
        "best": 0.2315018109092926,
        "ok": 0.702556312709
      }
    }
  }
}