{
  "phase": "Middlegame",
  "o4-mini": {
    "games_processed": 30,
    "avg_delta_win_pct": -1.8997767755887502,
    "avg_eval_delta_cp": -60.85757890138236,
    "avg_cp_loss": 98.32993003299649,
    "avg_win_pct": 48.189956294680364,
    "classification_rates": {
      "blunder": 0.01745745294132391,
      "inaccuracy": 0.021949129846793917,
      "mistake": 0.005180840664711633,
      "best": 0.2315018109092926,
      "ok": 0.702556312709
    }
  }
}