{
  "phase": "Opening",
  "o4-mini": {
    "games_processed": 30,
    "white": {
      "avg_delta_win_pct": -11.752746431974082,
      "avg_eval_delta_cp": -198.46969696969697,
      "avg_cp_loss": 203.6030303030303,
      "avg_win_pct": 22.562397924436972,
      "classification_rates": {
        "blunder": 0.12727272727272726,
        "inaccuracy": 0.13636363636363635,
        "mistake": 0.048484848484848485,
        "best": 0.07272727272727272,
        "ok": 0.6151515151515151
      }
    },
    "black": {
      "avg_delta_win_pct": -8.044257107717133,
      "avg_eval_delta_cp": -127.96333333333334,
      "avg_cp_loss": 134.05666666666667,
      "avg_win_pct": 67.60177119805252,
      "classification_rates": {
        "blunder": 0.08666666666666667,
        "inaccuracy": 0.07,
        "mistake": 0.05,
        "best": 0.21333333333333335,
        "ok": 0.58
      }
    },
    "total": {
      "avg_delta_win_pct": -9.986799134708868,
      "avg_eval_delta_cp": -164.89523809523808,
      "avg_cp_loss": 170.4857142857143,
      "avg_win_pct": 44.009718530920566,
      "classification_rates": {
        "blunder": 0.10793650793650793,
        "inaccuracy": 0.10476190476190475,
        "mistake": 0.049206349206349205,
        "best": 0.13968253968253969,
        "ok": 0.5984126984126984
      }
    }
  }
}