{
  "phase": "Opening",
  "o4-mini": {
    "games_processed": 30,
    "avg_delta_win_pct": -9.986799134708868,
    "avg_eval_delta_cp": -164.89523809523808,
    "avg_cp_loss": 170.4857142857143,
    "avg_win_pct": 44.009718530920566,
    "classification_rates": {
      "blunder": 0.10793650793650793,
      "inaccuracy": 0.10476190476190475,
      "mistake": 0.049206349206349205,
      "best": 0.13968253968253969,
      "ok": 0.5984126984126984
    }
  }
}