{
  "phase": "Overall",
  "o4-mini": {
    "games_processed": 30,
    "avg_delta_win_pct": -2.978673679259857,
    "avg_eval_delta_cp": -63.704773675594446,
    "avg_cp_loss": 98.24008774641169,
    "avg_win_pct": 48.75332681317952,
    "classification_rates": {
      "blunder": 0.030259256413023024,
      "inaccuracy": 0.03039741754731005,
      "mistake": 0.013138229299887378,
      "best": 0.2083388739264293,
      "ok": 0.7072500450717931
    }
  }
}