{
  "phase": "Middlegame",
  "grok-3-mini-beta": {
    "games_processed": 30,
    "avg_delta_win_pct": -10.174524220815018,
    "avg_eval_delta_cp": -208.57766885791085,
    "avg_cp_loss": 244.1961400948575,
    "avg_win_pct": 44.696850008290646,
    "classification_rates": {
      "blunder": 0.12665185692163694,
      "inaccuracy": 0.04510666984143505,
      "mistake": 0.030263940684577353,
      "best": 0.10588640499935628,
      "ok": 0.6866257110265203
    }
  }
}