{
  "phase": "Middlegame",
  "grok-3-mini-beta": {
    "games_processed": 30,
    "white": {
      "avg_delta_win_pct": -10.13557226145155,
      "avg_eval_delta_cp": -209.58683256471048,
      "avg_cp_loss": 244.60040589564255,
      "avg_win_pct": 70.96615913069995,
      "classification_rates": {
        "blunder": 0.12589838084825772,
        "inaccuracy": 0.046104339761310995,
        "mistake": 0.030199900042370696,
        "best": 0.1079120998356391,
        "ok": 0.684215210624807
      }
    },
    "black": {
      "avg_delta_win_pct": -10.213146474699725,
      "avg_eval_delta_cp": -207.57577161327157,
      "avg_cp_loss": 243.77453878805278,
      "avg_win_pct": 18.167557332040523,
      "classification_rates": {
        "blunder": 0.12740369286525755,
        "inaccuracy": 0.04412098711098572,
        "mistake": 0.03039574052291654,
        "best": 0.10383125685976843,
        "ok": 0.6891017689411418
      }
    },
    "total": {
      "avg_delta_win_pct": -10.174524220815018,
      "avg_eval_delta_cp": -208.57766885791085,
      "avg_cp_loss": 244.1961400948575,
      "avg_win_pct": 44.696850008290646,
      "classification_rates": {
        "blunder": 0.12665185692163694,
        "inaccuracy": 0.04510666984143505,
        "mistake": 0.030263940684577353,
        "best": 0.10588640499935628,
        "ok": 0.6866257110265203
      }
    }
  }
}