{
  "phase": "Opening",
  "grok-3-mini-beta": {
    "games_processed": 30,
    "white": {
      "avg_delta_win_pct": -18.978929339613238,
      "avg_eval_delta_cp": -290.8787878787879,
      "avg_cp_loss": 291.1393939393939,
      "avg_win_pct": 25.664397048862522,
      "classification_rates": {
        "blunder": 0.22424242424242424,
        "inaccuracy": 0.21212121212121213,
        "mistake": 0.11212121212121212,
        "best": 0.045454545454545456,
        "ok": 0.40606060606060607
      }
    },
    "black": {
      "avg_delta_win_pct": -16.82717372082532,
      "avg_eval_delta_cp": -252.12666666666667,
      "avg_cp_loss": 253.24,
      "avg_win_pct": 56.15472986593733,
      "classification_rates": {
        "blunder": 0.21,
        "inaccuracy": 0.2,
        "mistake": 0.08666666666666667,
        "best": 0.13,
        "ok": 0.37333333333333335
      }
    },
    "total": {
      "avg_delta_win_pct": -17.954283806857088,
      "avg_eval_delta_cp": -272.42539682539683,
      "avg_cp_loss": 273.0920634920635,
      "avg_win_pct": 40.18360315223148,
      "classification_rates": {
        "blunder": 0.21746031746031744,
        "inaccuracy": 0.20634920634920634,
        "mistake": 0.09999999999999999,
        "best": 0.08571428571428572,
        "ok": 0.3904761904761905
      }
    }
  }
}