{
  "phase": "Opening",
  "grok-3-mini-beta": {
    "games_processed": 30,
    "avg_delta_win_pct": -17.954283806857088,
    "avg_eval_delta_cp": -272.42539682539683,
    "avg_cp_loss": 273.0920634920635,
    "avg_win_pct": 40.18360315223148,
    "classification_rates": {
      "blunder": 0.21746031746031744,
      "inaccuracy": 0.20634920634920634,
      "mistake": 0.09999999999999999,
      "best": 0.08571428571428572,
      "ok": 0.3904761904761905
    }
  }
}