{
  "phase": "Overall",
  "grok-3-mini-beta": {
    "games_processed": 30,
    "avg_delta_win_pct": -8.356772884886087,
    "avg_eval_delta_cp": -162.47165196826057,
    "avg_cp_loss": 202.23618506490863,
    "avg_win_pct": 45.91838045825763,
    "classification_rates": {
      "blunder": 0.1053875300633068,
      "inaccuracy": 0.05281643471419332,
      "mistake": 0.03048280193289762,
      "best": 0.11815274785744231,
      "ok": 0.688900826248817
    }
  }
}