{
  "phase": "Overall",
  "grok-3-mini-beta": {
    "games_processed": 30,
    "white": {
      "avg_delta_win_pct": -8.484083216724368,
      "avg_eval_delta_cp": -164.11057926875327,
      "avg_cp_loss": 200.53510979333805,
      "avg_win_pct": 8.165324790776733,
      "classification_rates": {
        "blunder": 0.1085004452389474,
        "inaccuracy": 0.053246885257377655,
        "mistake": 0.03251243357211544,
        "best": 0.1430023974278781,
        "ok": 0.661986403177778
      }
    },
    "black": {
      "avg_delta_win_pct": -8.229493893063383,
      "avg_eval_delta_cp": -160.8371151161305,
      "avg_cp_loss": 203.9305789671807,
      "avg_win_pct": 83.70217873111011,
      "classification_rates": {
        "blunder": 0.10227298015157632,
        "inaccuracy": 0.05238365699037117,
        "mistake": 0.028455136013231908,
        "best": 0.09326304922660585,
        "ok": 0.7158615670871944
      }
    },
    "total": {
      "avg_delta_win_pct": -8.356772884886087,
      "avg_eval_delta_cp": -162.47165196826057,
      "avg_cp_loss": 202.23618506490863,
      "avg_win_pct": 45.91838045825763,
      "classification_rates": {
        "blunder": 0.1053875300633068,
        "inaccuracy": 0.05281643471419332,
        "mistake": 0.03048280193289762,
        "best": 0.11815274785744231,
        "ok": 0.688900826248817
      }
    }
  }
}