{
  "phase": "Middlegame",
  "lvl-1_vs_o3-mini-2025-01-31-medium": {
    "games_processed": 30,
    "white": {
      "avg_delta_win_pct": -8.991160597460048,
      "avg_eval_delta_cp": -185.13824150160087,
      "avg_cp_loss": 202.49421161848716,
      "avg_win_pct": 50.44667503597885,
      "classification_rates": {
        "blunder": 0.09508795755549974,
        "inaccuracy": 0.08792204263492676,
        "mistake": 0.047304340576586654,
        "best": 0.17600641886907784,
        "ok": 0.5925681292527979
      }
    },
    "black": {
      "avg_delta_win_pct": -8.771427707997924,
      "avg_eval_delta_cp": -177.58017676922296,
      "avg_cp_loss": 185.03047799207124,
      "avg_win_pct": 40.752415446883134,
      "classification_rates": {
        "blunder": 0.09844247086407062,
        "inaccuracy": 0.07921263417300906,
        "mistake": 0.04471335237976105,
        "best": 0.1773809269265856,
        "ok": 0.5916584831513977
      }
    },
    "total": {
      "avg_delta_win_pct": -8.877969065220482,
      "avg_eval_delta_cp": -181.2576550087963,
      "avg_cp_loss": 193.9264460435601,
      "avg_win_pct": 45.6066846895423,
      "classification_rates": {
        "blunder": 0.09645156251917764,
        "inaccuracy": 0.08315716743220701,
        "mistake": 0.04619667879938529,
        "best": 0.17704391667763153,
        "ok": 0.5922896365675981
      }
    }
  }
}