{
  "phase": "Opening",
  "lvl-1_vs_o3-mini-2025-01-31-medium": {
    "games_processed": 30,
    "white": {
      "avg_delta_win_pct": -14.755254643368144,
      "avg_eval_delta_cp": -212.0121212121212,
      "avg_cp_loss": 212.83030303030304,
      "avg_win_pct": 37.09606217543122,
      "classification_rates": {
        "blunder": 0.18484848484848485,
        "inaccuracy": 0.11818181818181818,
        "mistake": 0.06666666666666667,
        "best": 0.10909090909090909,
        "ok": 0.5212121212121212
      }
    },
    "black": {
      "avg_delta_win_pct": -14.335371761597187,
      "avg_eval_delta_cp": -201.33666666666667,
      "avg_cp_loss": 202.86333333333334,
      "avg_win_pct": 48.29859068117196,
      "classification_rates": {
        "blunder": 0.2,
        "inaccuracy": 0.14,
        "mistake": 0.08333333333333334,
        "best": 0.11666666666666667,
        "ok": 0.46
      }
    },
    "total": {
      "avg_delta_win_pct": -14.555310413953402,
      "avg_eval_delta_cp": -206.92857142857142,
      "avg_cp_loss": 208.08412698412698,
      "avg_win_pct": 42.43059955911728,
      "classification_rates": {
        "blunder": 0.19206349206349205,
        "inaccuracy": 0.12857142857142856,
        "mistake": 0.0746031746031746,
        "best": 0.11269841269841269,
        "ok": 0.49206349206349204
      }
    }
  }
}