{
  "phase": "Middlegame",
  "lvl-1_vs_o3-mini-2025-01-31-medium": {
    "games_processed": 30,
    "avg_delta_win_pct": -8.877969065220482,
    "avg_eval_delta_cp": -181.2576550087963,
    "avg_cp_loss": 193.9264460435601,
    "avg_win_pct": 45.6066846895423,
    "classification_rates": {
      "blunder": 0.09645156251917764,
      "inaccuracy": 0.08315716743220701,
      "mistake": 0.04619667879938529,
      "best": 0.17704391667763153,
      "ok": 0.5922896365675981
    }
  }
}