{
  "phase": "Opening",
  "lvl-1_vs_o3-mini-2025-01-31-medium": {
    "games_processed": 30,
    "avg_delta_win_pct": -14.555310413953402,
    "avg_eval_delta_cp": -206.92857142857142,
    "avg_cp_loss": 208.08412698412698,
    "avg_win_pct": 42.43059955911728,
    "classification_rates": {
      "blunder": 0.19206349206349205,
      "inaccuracy": 0.12857142857142856,
      "mistake": 0.0746031746031746,
      "best": 0.11269841269841269,
      "ok": 0.49206349206349204
    }
  }
}