{
  "phase": "Overall",
  "lvl-1_vs_o3-mini-2025-01-31-medium": {
    "games_processed": 30,
    "white": {
      "avg_delta_win_pct": -6.169754831500186,
      "avg_eval_delta_cp": -105.38521723897499,
      "avg_cp_loss": 140.4005603104016,
      "avg_win_pct": 33.86598066372778,
      "classification_rates": {
        "blunder": 0.07477321055358165,
        "inaccuracy": 0.05021109125754688,
        "mistake": 0.02371475271311847,
        "best": 0.18070014393034584,
        "ok": 0.6630972262887338
      }
    },
    "black": {
      "avg_delta_win_pct": -6.283852207216643,
      "avg_eval_delta_cp": -96.027371489446,
      "avg_cp_loss": 160.2031377152643,
      "avg_win_pct": 60.12457185120518,
      "classification_rates": {
        "blunder": 0.07440919486610749,
        "inaccuracy": 0.06216653861752164,
        "mistake": 0.03158241006831911,
        "best": 0.14133073453208228,
        "ok": 0.6874612563731739
      }
    },
    "total": {
      "avg_delta_win_pct": -6.224155792104723,
      "avg_eval_delta_cp": -100.6542284978562,
      "avg_cp_loss": 150.24542008728287,
      "avg_win_pct": 47.012347559508186,
      "classification_rates": {
        "blunder": 0.07454920566922014,
        "inaccuracy": 0.056108688991906276,
        "mistake": 0.027599920600854966,
        "best": 0.16105798514322286,
        "ok": 0.6753524747181977
      }
    }
  }
}