{
  "phase": "Overall",
  "lvl-1_vs_o3-mini-2025-01-31-medium": {
    "games_processed": 30,
    "avg_delta_win_pct": -6.224155792104723,
    "avg_eval_delta_cp": -100.6542284978562,
    "avg_cp_loss": 150.24542008728287,
    "avg_win_pct": 47.012347559508186,
    "classification_rates": {
      "blunder": 0.07454920566922014,
      "inaccuracy": 0.056108688991906276,
      "mistake": 0.027599920600854966,
      "best": 0.16105798514322286,
      "ok": 0.6753524747181977
    }
  }
}