{
  "phase": "Middlegame",
  "lvl-2_vs_o4-mini-2025-04-16-high_timeout-60m": {
    "games_processed": 6,
    "white": {
      "avg_delta_win_pct": -4.108292523647408,
      "avg_eval_delta_cp": -82.37037037037037,
      "avg_cp_loss": 93.07870370370371,
      "avg_win_pct": 67.43858404728606,
      "classification_rates": {
        "blunder": 0.027777777777777776,
        "inaccuracy": 0.09027777777777778,
        "mistake": 0.013888888888888888,
        "best": 0.18518518518518517,
        "ok": 0.5162037037037037
      }
    },
    "black": {
      "avg_delta_win_pct": -6.070616023203114,
      "avg_eval_delta_cp": -123.70870469399883,
      "avg_cp_loss": 126.9076797385621,
      "avg_win_pct": 8.02118655863224,
      "classification_rates": {
        "blunder": 0.08585858585858586,
        "inaccuracy": 0.06094028520499109,
        "mistake": 0.015151515151515152,
        "best": 0.13614081996434937,
        "ok": 0.5352421271538919
      }
    },
    "total": {
      "avg_delta_win_pct": -5.073236976508584,
      "avg_eval_delta_cp": -102.72414596273292,
      "avg_cp_loss": 109.81555383022774,
      "avg_win_pct": 38.137485584364434,
      "classification_rates": {
        "blunder": 0.056763285024154585,
        "inaccuracy": 0.07511214630779849,
        "mistake": 0.014492753623188406,
        "best": 0.16054175293305728,
        "ok": 0.5264233954451346
      }
    }
  }
}