{
  "phase": "Middlegame",
  "lvl-2_vs_o4-mini-2025-04-16-high_timeout-60m": {
    "games_processed": 6,
    "avg_delta_win_pct": -5.073236976508584,
    "avg_eval_delta_cp": -102.72414596273292,
    "avg_cp_loss": 109.81555383022774,
    "avg_win_pct": 38.137485584364434,
    "classification_rates": {
      "blunder": 0.056763285024154585,
      "inaccuracy": 0.07511214630779849,
      "mistake": 0.014492753623188406,
      "best": 0.16054175293305728,
      "ok": 0.5264233954451346
    }
  }
}