{
  "phase": "Opening",
  "lvl-2_vs_o4-mini-2025-04-16-high_timeout-60m": {
    "games_processed": 6,
    "white": {
      "avg_delta_win_pct": -7.807396313336095,
      "avg_eval_delta_cp": -115.72077922077922,
      "avg_cp_loss": 115.72077922077922,
      "avg_win_pct": 29.22213053527801,
      "classification_rates": {
        "blunder": 0.015151515151515152,
        "inaccuracy": 0.2748917748917749,
        "mistake": 0.030303030303030304,
        "best": 0.09090909090909091,
        "ok": 0.5887445887445888
      }
    },
    "black": {
      "avg_delta_win_pct": -4.977340056803329,
      "avg_eval_delta_cp": -74.97777777777777,
      "avg_cp_loss": 76.5,
      "avg_win_pct": 64.70482899996517,
      "classification_rates": {
        "blunder": 0.016666666666666666,
        "inaccuracy": 0.06666666666666667,
        "mistake": 0.03333333333333333,
        "best": 0.22777777777777777,
        "ok": 0.6555555555555556
      }
    },
    "total": {
      "avg_delta_win_pct": -6.470325452215271,
      "avg_eval_delta_cp": -96.45115995115995,
      "avg_cp_loss": 97.17032967032966,
      "avg_win_pct": 46.06747834394915,
      "classification_rates": {
        "blunder": 0.015873015873015872,
        "inaccuracy": 0.17643467643467642,
        "mistake": 0.031746031746031744,
        "best": 0.15567765567765568,
        "ok": 0.6202686202686203
      }
    }
  }
}