{
  "phase": "Opening",
  "lvl-2_vs_o4-mini-2025-04-16-high_timeout-60m": {
    "games_processed": 6,
    "avg_delta_win_pct": -6.470325452215271,
    "avg_eval_delta_cp": -96.45115995115995,
    "avg_cp_loss": 97.17032967032966,
    "avg_win_pct": 46.06747834394915,
    "classification_rates": {
      "blunder": 0.015873015873015872,
      "inaccuracy": 0.17643467643467642,
      "mistake": 0.031746031746031744,
      "best": 0.15567765567765568,
      "ok": 0.6202686202686203
    }
  }
}