{
  "phase": "Overall",
  "lvl-2_vs_o4-mini-2025-04-16-high_timeout-60m": {
    "games_processed": 6,
    "white": {
      "avg_delta_win_pct": -5.590081819548253,
      "avg_eval_delta_cp": -83.61973334850154,
      "avg_cp_loss": 103.55126363119903,
      "avg_win_pct": 20.26896411854661,
      "classification_rates": {
        "blunder": 0.027031937272901128,
        "inaccuracy": 0.17009856761077063,
        "mistake": 0.014655930945323522,
        "best": 0.15981679237788127,
        "ok": 0.6283967717931234
      }
    },
    "black": {
      "avg_delta_win_pct": -3.402780062378761,
      "avg_eval_delta_cp": -51.934122696310986,
      "avg_cp_loss": 75.29132633552639,
      "avg_win_pct": 75.472615607425,
      "classification_rates": {
        "blunder": 0.015920826161790018,
        "inaccuracy": 0.055881646243092026,
        "mistake": 0.01327532351628737,
        "best": 0.20832228593506263,
        "ok": 0.7007159170230058
      }
    },
    "total": {
      "avg_delta_win_pct": -4.543964275778962,
      "avg_eval_delta_cp": -68.42510461303597,
      "avg_cp_loss": 90.05122803079425,
      "avg_win_pct": 47.35533537438922,
      "classification_rates": {
        "blunder": 0.02168315663676417,
        "inaccuracy": 0.1156189877772278,
        "mistake": 0.013959041697904125,
        "best": 0.182067792357387,
        "ok": 0.6637290209703359
      }
    }
  }
}