{
  "phase": "Overall",
  "lvl-2_vs_o4-mini-2025-04-16-high_timeout-60m": {
    "games_processed": 6,
    "avg_delta_win_pct": -4.543964275778962,
    "avg_eval_delta_cp": -68.42510461303597,
    "avg_cp_loss": 90.05122803079425,
    "avg_win_pct": 47.35533537438922,
    "classification_rates": {
      "blunder": 0.02168315663676417,
      "inaccuracy": 0.1156189877772278,
      "mistake": 0.013959041697904125,
      "best": 0.182067792357387,
      "ok": 0.6637290209703359
    }
  }
}