{
  "phase": "Middlegame",
  "lvl-4_vs_grok-3-mini-beta-high": {
    "games_processed": 7,
    "avg_delta_win_pct": -3.4449707019615956,
    "avg_eval_delta_cp": -87.90779198752497,
    "avg_cp_loss": 115.03330667662674,
    "avg_win_pct": 48.03769894492096,
    "classification_rates": {
      "blunder": 0.03218965026535635,
      "inaccuracy": 0.0428363831176441,
      "mistake": 0.007558889019102308,
      "best": 0.16348594628463511,
      "ok": 0.7475961331081513
    }
  }
}