{
  "phase": "Opening",
  "lvl-4_vs_grok-3-mini-beta-high": {
    "games_processed": 7,
    "white": {
      "avg_delta_win_pct": -9.780500499955874,
      "avg_eval_delta_cp": -152.15584415584416,
      "avg_cp_loss": 154.5974025974026,
      "avg_win_pct": 44.610318258200394,
      "classification_rates": {
        "blunder": 0.07792207792207792,
        "inaccuracy": 0.09090909090909091,
        "mistake": 0.1038961038961039,
        "best": 0.12987012987012986,
        "ok": 0.5974025974025974
      }
    },
    "black": {
      "avg_delta_win_pct": -9.645311293926648,
      "avg_eval_delta_cp": -147.6142857142857,
      "avg_cp_loss": 149.3,
      "avg_win_pct": 45.47032885280906,
      "classification_rates": {
        "blunder": 0.14285714285714285,
        "inaccuracy": 0.07142857142857144,
        "mistake": 0.04285714285714286,
        "best": 0.2142857142857143,
        "ok": 0.5285714285714286
      }
    },
    "total": {
      "avg_delta_win_pct": -9.716124687561004,
      "avg_eval_delta_cp": -149.99319727891157,
      "avg_cp_loss": 152.0748299319728,
      "avg_win_pct": 45.01984711277595,
      "classification_rates": {
        "blunder": 0.10884353741496598,
        "inaccuracy": 0.08163265306122448,
        "mistake": 0.07482993197278912,
        "best": 0.17006802721088435,
        "ok": 0.564625850340136
      }
    }
  }
}