{
  "phase": "Opening",
  "lvl-4_vs_grok-3-mini-beta-high": {
    "games_processed": 7,
    "avg_delta_win_pct": -9.716124687561004,
    "avg_eval_delta_cp": -149.99319727891157,
    "avg_cp_loss": 152.0748299319728,
    "avg_win_pct": 45.01984711277595,
    "classification_rates": {
      "blunder": 0.10884353741496598,
      "inaccuracy": 0.08163265306122448,
      "mistake": 0.07482993197278912,
      "best": 0.17006802721088435,
      "ok": 0.564625850340136
    }
  }
}