{
  "phase": "Overall",
  "lvl-4_vs_grok-3-mini-beta-high": {
    "games_processed": 7,
    "avg_delta_win_pct": -4.8831444779299,
    "avg_eval_delta_cp": -91.82372686833355,
    "avg_cp_loss": 126.54766064758961,
    "avg_win_pct": 47.69131514439193,
    "classification_rates": {
      "blunder": 0.05860620727290556,
      "inaccuracy": 0.03320298019893291,
      "mistake": 0.018028222218491347,
      "best": 0.17434761383326938,
      "ok": 0.710106693290491
    }
  }
}