{
  "phase": "Middlegame",
  "grok-3-beta": {
    "games_processed": 30,
    "avg_delta_win_pct": -23.232941516546624,
    "avg_eval_delta_cp": -431.6193902155458,
    "avg_cp_loss": 448.2900723053237,
    "avg_win_pct": 33.62369035569875,
    "classification_rates": {
      "blunder": 0.30132408523936016,
      "inaccuracy": 0.10068904035535366,
      "mistake": 0.05289048787311215,
      "best": 0.04436606278177207,
      "ok": 0.39683194844211317
    }
  }
}