{
  "phase": "Middlegame",
  "grok-3-beta": {
    "games_processed": 30,
    "white": {
      "avg_delta_win_pct": -23.49525278785478,
      "avg_eval_delta_cp": -435.9001216158987,
      "avg_cp_loss": 454.757049030537,
      "avg_win_pct": 40.036014701160475,
      "classification_rates": {
        "blunder": 0.31028621250831206,
        "inaccuracy": 0.1028350818799419,
        "mistake": 0.042998195873883684,
        "best": 0.0431780165489671,
        "ok": 0.39401911109059234
      }
    },
    "black": {
      "avg_delta_win_pct": -22.966529258672793,
      "avg_eval_delta_cp": -427.28224046683266,
      "avg_cp_loss": 441.715066679901,
      "avg_win_pct": 27.052820027159935,
      "classification_rates": {
        "blunder": 0.2922716901866203,
        "inaccuracy": 0.09839085861183389,
        "mistake": 0.06326082451251176,
        "best": 0.04553315711622618,
        "ok": 0.3996319150027167
      }
    },
    "total": {
      "avg_delta_win_pct": -23.232941516546624,
      "avg_eval_delta_cp": -431.6193902155458,
      "avg_cp_loss": 448.2900723053237,
      "avg_win_pct": 33.62369035569875,
      "classification_rates": {
        "blunder": 0.30132408523936016,
        "inaccuracy": 0.10068904035535366,
        "mistake": 0.05289048787311215,
        "best": 0.04436606278177207,
        "ok": 0.39683194844211317
      }
    }
  }
}