{
  "phase": "Opening",
  "grok-3-beta": {
    "games_processed": 30,
    "white": {
      "avg_delta_win_pct": -17.878155323522247,
      "avg_eval_delta_cp": -260.26738816738816,
      "avg_cp_loss": 260.75829725829726,
      "avg_win_pct": 29.423821396061005,
      "classification_rates": {
        "blunder": 0.19696969696969696,
        "inaccuracy": 0.229004329004329,
        "mistake": 0.11284271284271284,
        "best": 0.04242424242424243,
        "ok": 0.4187590187590188
      }
    },
    "black": {
      "avg_delta_win_pct": -16.304601644315504,
      "avg_eval_delta_cp": -236.55666666666667,
      "avg_cp_loss": 237.75666666666666,
      "avg_win_pct": 51.738134183509224,
      "classification_rates": {
        "blunder": 0.21666666666666667,
        "inaccuracy": 0.22333333333333333,
        "mistake": 0.07,
        "best": 0.14222222222222222,
        "ok": 0.31444444444444447
      }
    },
    "total": {
      "avg_delta_win_pct": -17.209259440066212,
      "avg_eval_delta_cp": -249.86735042735043,
      "avg_cp_loss": 250.69592185592185,
      "avg_win_pct": 40.81006579784611,
      "classification_rates": {
        "blunder": 0.20634920634920634,
        "inaccuracy": 0.2251037851037851,
        "mistake": 0.09335775335775336,
        "best": 0.08986568986568987,
        "ok": 0.3853235653235653
      }
    }
  }
}