{
  "phase": "Opening",
  "grok-3-beta": {
    "games_processed": 30,
    "avg_delta_win_pct": -17.209259440066212,
    "avg_eval_delta_cp": -249.86735042735043,
    "avg_cp_loss": 250.69592185592185,
    "avg_win_pct": 40.81006579784611,
    "classification_rates": {
      "blunder": 0.20634920634920634,
      "inaccuracy": 0.2251037851037851,
      "mistake": 0.09335775335775336,
      "best": 0.08986568986568987,
      "ok": 0.3853235653235653
    }
  }
}