{
  "phase": "Overall",
  "grok-3-beta": {
    "games_processed": 30,
    "avg_delta_win_pct": -21.525078821968012,
    "avg_eval_delta_cp": -396.5305122123159,
    "avg_cp_loss": 412.32724407034937,
    "avg_win_pct": 39.19740160884523,
    "classification_rates": {
      "blunder": 0.2664946929289146,
      "inaccuracy": 0.12167001260148737,
      "mistake": 0.06039513219861276,
      "best": 0.0538993577438634,
      "ok": 0.49504943324345385
    }
  }
}