{
  "phase": "Overall",
  "grok-3-beta": {
    "games_processed": 30,
    "white": {
      "avg_delta_win_pct": -21.538530016401353,
      "avg_eval_delta_cp": -395.01413174985424,
      "avg_cp_loss": 410.83463248621314,
      "avg_win_pct": 35.13891594502897,
      "classification_rates": {
        "blunder": 0.2588594297028416,
        "inaccuracy": 0.11717454968164386,
        "mistake": 0.07374978787954334,
        "best": 0.04645443604900626,
        "ok": 0.5034033737478968
      }
    },
    "black": {
      "avg_delta_win_pct": -21.33108608374704,
      "avg_eval_delta_cp": -396.042368324385,
      "avg_cp_loss": 411.81081142268476,
      "avg_win_pct": 41.72083011897906,
      "classification_rates": {
        "blunder": 0.27419335771496317,
        "inaccuracy": 0.12909753229130896,
        "mistake": 0.04441542650284698,
        "best": 0.06181733058194719,
        "ok": 0.4525206373686247
      }
    },
    "total": {
      "avg_delta_win_pct": -21.525078821968012,
      "avg_eval_delta_cp": -396.5305122123159,
      "avg_cp_loss": 412.32724407034937,
      "avg_win_pct": 39.19740160884523,
      "classification_rates": {
        "blunder": 0.2664946929289146,
        "inaccuracy": 0.12167001260148737,
        "mistake": 0.06039513219861276,
        "best": 0.0538993577438634,
        "ok": 0.49504943324345385
      }
    }
  }
}