{
  "phase": "Middlegame",
  "o4-mini": {
    "games_processed": 30,
    "avg_delta_win_pct": -2.9964592195217166,
    "avg_eval_delta_cp": -67.63261669478032,
    "avg_cp_loss": 108.39019040836405,
    "avg_win_pct": 47.566503443531516,
    "classification_rates": {
      "blunder": 0.031957359165005944,
      "inaccuracy": 0.029433335531498694,
      "mistake": 0.017739626844890003,
      "best": 0.18400997498327898,
      "ok": 0.6719153874346527
    }
  }
}