{
  "phase": "Opening",
  "o4-mini": {
    "games_processed": 30,
    "white": {
      "avg_delta_win_pct": -8.382512158643246,
      "avg_eval_delta_cp": -155.15454545454546,
      "avg_cp_loss": 157.9969696969697,
      "avg_win_pct": 24.20318972829001,
      "classification_rates": {
        "blunder": 0.0393939393939394,
        "inaccuracy": 0.13393939393939394,
        "mistake": 0.07606060606060606,
        "best": 0.0696969696969697,
        "ok": 0.6809090909090909
      }
    },
    "black": {
      "avg_delta_win_pct": -4.677383620413329,
      "avg_eval_delta_cp": -86.51666666666667,
      "avg_cp_loss": 89.14999999999999,
      "avg_win_pct": 69.54255819553546,
      "classification_rates": {
        "blunder": 0.03333333333333333,
        "inaccuracy": 0.07,
        "mistake": 0.02,
        "best": 0.29,
        "ok": 0.5833333333333334
      }
    },
    "total": {
      "avg_delta_win_pct": -6.6142286804694495,
      "avg_eval_delta_cp": -122.3970634920635,
      "avg_cp_loss": 125.13388888888889,
      "avg_win_pct": 45.839838147315454,
      "classification_rates": {
        "blunder": 0.0365079365079365,
        "inaccuracy": 0.1034126984126984,
        "mistake": 0.04928571428571428,
        "best": 0.17468253968253966,
        "ok": 0.6344444444444445
      }
    }
  }
}