{
  "phase": "Opening",
  "o4-mini": {
    "games_processed": 30,
    "avg_delta_win_pct": -6.6142286804694495,
    "avg_eval_delta_cp": -122.3970634920635,
    "avg_cp_loss": 125.13388888888889,
    "avg_win_pct": 45.839838147315454,
    "classification_rates": {
      "blunder": 0.0365079365079365,
      "inaccuracy": 0.1034126984126984,
      "mistake": 0.04928571428571428,
      "best": 0.17468253968253966,
      "ok": 0.6344444444444445
    }
  }
}