{
  "phase": "Overall",
  "o4-mini": {
    "games_processed": 30,
    "white": {
      "avg_delta_win_pct": -4.314541928941366,
      "avg_eval_delta_cp": -90.94851534029732,
      "avg_cp_loss": 115.91103902413825,
      "avg_win_pct": 10.608776031827059,
      "classification_rates": {
        "blunder": 0.025704938036455773,
        "inaccuracy": 0.0690670762561065,
        "mistake": 0.031900549526594935,
        "best": 0.1595707442529527,
        "ok": 0.71273780155157
      }
    },
    "black": {
      "avg_delta_win_pct": -2.6980383482996033,
      "avg_eval_delta_cp": -56.03188485010304,
      "avg_cp_loss": 85.18599259794111,
      "avg_win_pct": 86.75619697780732,
      "classification_rates": {
        "blunder": 0.021835917000270797,
        "inaccuracy": 0.038416022942931824,
        "mistake": 0.009255855737379415,
        "best": 0.21611447562435288,
        "ok": 0.6820406213154461
      }
    },
    "total": {
      "avg_delta_win_pct": -3.5062873787015376,
      "avg_eval_delta_cp": -73.49395973622828,
      "avg_cp_loss": 100.55020502586167,
      "avg_win_pct": 48.661914791438555,
      "classification_rates": {
        "blunder": 0.023769106639875203,
        "inaccuracy": 0.05374558182718665,
        "mistake": 0.02058101787048587,
        "best": 0.18785248499802612,
        "ok": 0.6973697082928456
      }
    }
  }
}