{
  "phase": "Overall",
  "o4-mini": {
    "games_processed": 30,
    "avg_delta_win_pct": -3.5062873787015376,
    "avg_eval_delta_cp": -73.49395973622828,
    "avg_cp_loss": 100.55020502586167,
    "avg_win_pct": 48.661914791438555,
    "classification_rates": {
      "blunder": 0.023769106639875203,
      "inaccuracy": 0.05374558182718665,
      "mistake": 0.02058101787048587,
      "best": 0.18785248499802612,
      "ok": 0.6973697082928456
    }
  }
}