{
  "phase": "Overall",
  "claude-3-7-sonnet-20250219": {
    "games_processed": 30,
    "white": {
      "avg_delta_win_pct": -13.187636309386665,
      "avg_eval_delta_cp": -254.73303377329407,
      "avg_cp_loss": 294.47153957892033,
      "avg_win_pct": 25.519839183704097,
      "classification_rates": {
        "blunder": 0.1612818154444731,
        "inaccuracy": 0.09517474706065815,
        "mistake": 0.0431714844805889,
        "best": 0.07598685660034274,
        "ok": 0.6238003010922997
      }
    },
    "black": {
      "avg_delta_win_pct": -12.980877451433878,
      "avg_eval_delta_cp": -253.99247942824093,
      "avg_cp_loss": 293.35947554115506,
      "avg_win_pct": 61.454789846168914,
      "classification_rates": {
        "blunder": 0.16257851831591283,
        "inaccuracy": 0.08128597033910533,
        "mistake": 0.042474518184345056,
        "best": 0.09302556912360324,
        "ok": 0.6160460865864013
      }
    },
    "total": {
      "avg_delta_win_pct": -13.08748423986174,
      "avg_eval_delta_cp": -254.39965037638547,
      "avg_cp_loss": 293.95388114378477,
      "avg_win_pct": 43.46129447619452,
      "classification_rates": {
        "blunder": 0.16190214696408345,
        "inaccuracy": 0.08835393980870036,
        "mistake": 0.04280893840938545,
        "best": 0.08447471524256925,
        "ok": 0.6198706055992079
      }
    }
  }
}