{
  "phase": "Middlegame",
  "o4-mini-2025-04-16-low": {
    "games_processed": 30,
    "avg_delta_win_pct": -10.11492474964584,
    "avg_eval_delta_cp": -219.5339633686679,
    "avg_cp_loss": 232.69044084487507,
    "avg_win_pct": 45.02043699692738,
    "classification_rates": {
      "blunder": 0.1247553655921013,
      "inaccuracy": 0.06283612805479707,
      "mistake": 0.03627442006325541,
      "best": 0.11092913107166057,
      "ok": 0.6558742854685432
    }
  }
}