{
  "phase": "Middlegame",
  "o4-mini-2025-04-16-low": {
    "games_processed": 30,
    "white": {
      "avg_delta_win_pct": -10.096684990950534,
      "avg_eval_delta_cp": -219.23675159207616,
      "avg_cp_loss": 233.55279561016505,
      "avg_win_pct": 70.91394310704317,
      "classification_rates": {
        "blunder": 0.1225801672816981,
        "inaccuracy": 0.06427314821394098,
        "mistake": 0.0353394472324481,
        "best": 0.10012085654276179,
        "ok": 0.6654551195831283
      }
    },
    "black": {
      "avg_delta_win_pct": -10.145137208885465,
      "avg_eval_delta_cp": -220.1071656617298,
      "avg_cp_loss": 232.13406827991645,
      "avg_win_pct": 18.694349937504406,
      "classification_rates": {
        "blunder": 0.12721213894307534,
        "inaccuracy": 0.06171338631053124,
        "mistake": 0.03721947197060567,
        "best": 0.12212894677795179,
        "ok": 0.6456343853228319
      }
    },
    "total": {
      "avg_delta_win_pct": -10.11492474964584,
      "avg_eval_delta_cp": -219.5339633686679,
      "avg_cp_loss": 232.69044084487507,
      "avg_win_pct": 45.02043699692738,
      "classification_rates": {
        "blunder": 0.1247553655921013,
        "inaccuracy": 0.06283612805479707,
        "mistake": 0.03627442006325541,
        "best": 0.11092913107166057,
        "ok": 0.6558742854685432
      }
    }
  }
}