{
  "phase": "Opening",
  "o4-mini-2025-04-16-low": {
    "games_processed": 30,
    "avg_delta_win_pct": -13.692607997585084,
    "avg_eval_delta_cp": -205.53492063492064,
    "avg_cp_loss": 206.67777777777778,
    "avg_win_pct": 42.44381348662277,
    "classification_rates": {
      "blunder": 0.15714285714285714,
      "inaccuracy": 0.14126984126984127,
      "mistake": 0.07936507936507936,
      "best": 0.11904761904761904,
      "ok": 0.5031746031746032
    }
  }
}