{
  "phase": "Overall",
  "o4-mini-2025-04-16-low": {
    "games_processed": 30,
    "avg_delta_win_pct": -9.303485678328677,
    "avg_eval_delta_cp": -178.28544456491494,
    "avg_cp_loss": 203.27321070980585,
    "avg_win_pct": 45.51207799940676,
    "classification_rates": {
      "blunder": 0.11480787640787941,
      "inaccuracy": 0.059788575509640486,
      "mistake": 0.03500304906137055,
      "best": 0.129058120548696,
      "ok": 0.6535875687750559
    }
  }
}