{
  "phase": "Middlegame",
  "o4-mini": {
    "games_processed": 30,
    "avg_delta_win_pct": -2.8135269916459644,
    "avg_eval_delta_cp": -69.81032829489995,
    "avg_cp_loss": 103.26344765651733,
    "avg_win_pct": 46.84633925004859,
    "classification_rates": {
      "blunder": 0.025241356025108883,
      "inaccuracy": 0.019680583110098893,
      "mistake": 0.0,
      "best": 0.21859589662767065,
      "ok": 0.6793898642312779
    }
  }
}