{
  "phase": "Opening",
  "o4-mini": {
    "games_processed": 30,
    "avg_delta_win_pct": -6.221863763699911,
    "avg_eval_delta_cp": -115.3005291005291,
    "avg_cp_loss": 119.62116402116402,
    "avg_win_pct": 46.028608421309585,
    "classification_rates": {
      "blunder": 0.03968253968253968,
      "inaccuracy": 0.11031746031746031,
      "mistake": 0.03201058201058201,
      "best": 0.17195767195767195,
      "ok": 0.6441798941798942
    }
  }
}