{
  "phase": "Opening",
  "o4-mini": {
    "games_processed": 30,
    "white": {
      "avg_delta_win_pct": -8.064315998854944,
      "avg_eval_delta_cp": -151.36464646464646,
      "avg_cp_loss": 152.65555555555557,
      "avg_win_pct": 22.79897296182212,
      "classification_rates": {
        "blunder": 0.048484848484848485,
        "inaccuracy": 0.14983164983164984,
        "mistake": 0.05521885521885522,
        "best": 0.08484848484848485,
        "ok": 0.6616161616161617
      }
    },
    "black": {
      "avg_delta_win_pct": -4.204567725248136,
      "avg_eval_delta_cp": -75.8174074074074,
      "avg_cp_loss": 83.47074074074074,
      "avg_win_pct": 71.48480835294794,
      "classification_rates": {
        "blunder": 0.030000000000000002,
        "inaccuracy": 0.06703703703703703,
        "mistake": 0.006666666666666667,
        "best": 0.2674074074074074,
        "ok": 0.6251851851851852
      }
    },
    "total": {
      "avg_delta_win_pct": -6.221863763699911,
      "avg_eval_delta_cp": -115.3005291005291,
      "avg_cp_loss": 119.62116402116402,
      "avg_win_pct": 46.028608421309585,
      "classification_rates": {
        "blunder": 0.03968253968253968,
        "inaccuracy": 0.11031746031746031,
        "mistake": 0.03201058201058201,
        "best": 0.17195767195767195,
        "ok": 0.6441798941798942
      }
    }
  }
}