{
  "phase": "Overall",
  "o4-mini": {
    "games_processed": 30,
    "white": {
      "avg_delta_win_pct": -3.4516487693832487,
      "avg_eval_delta_cp": -69.67761669732862,
      "avg_cp_loss": 100.87944159387268,
      "avg_win_pct": 9.119088926140149,
      "classification_rates": {
        "blunder": 0.022288505759249833,
        "inaccuracy": 0.05370904679390179,
        "mistake": 0.019674711307828573,
        "best": 0.2057864684266529,
        "ok": 0.6981940454901446
      }
    },
    "black": {
      "avg_delta_win_pct": -2.3525024513206185,
      "avg_eval_delta_cp": -48.18513842714469,
      "avg_cp_loss": 83.16300045186078,
      "avg_win_pct": 88.5382790057396,
      "classification_rates": {
        "blunder": 0.015985558044116593,
        "inaccuracy": 0.02665001211530375,
        "mistake": 0.0032098765432098763,
        "best": 0.19716309243576258,
        "ok": 0.7327207664363178
      }
    },
    "total": {
      "avg_delta_win_pct": -2.9034194357406786,
      "avg_eval_delta_cp": -58.94330127672665,
      "avg_cp_loss": 92.07152650187886,
      "avg_win_pct": 48.77316764994238,
      "classification_rates": {
        "blunder": 0.01915831364661095,
        "inaccuracy": 0.040214488550314856,
        "mistake": 0.011444111842913059,
        "best": 0.20144730734307792,
        "ok": 0.7154259113346305
      }
    }
  }
}