{
  "phase": "Overall",
  "o4-mini": {
    "games_processed": 30,
    "avg_delta_win_pct": -2.9034194357406786,
    "avg_eval_delta_cp": -58.94330127672665,
    "avg_cp_loss": 92.07152650187886,
    "avg_win_pct": 48.77316764994238,
    "classification_rates": {
      "blunder": 0.01915831364661095,
      "inaccuracy": 0.040214488550314856,
      "mistake": 0.011444111842913059,
      "best": 0.20144730734307792,
      "ok": 0.7154259113346305
    }
  }
}