{
  "phase": "Middlegame",
  "lvl-5_vs_grok-3-mini-fast-beta-high": {
    "games_processed": 30,
    "avg_delta_win_pct": -7.2760506415027315,
    "avg_eval_delta_cp": -146.44251191459,
    "avg_cp_loss": 161.873406372428,
    "avg_win_pct": 46.77668561532702,
    "classification_rates": {
      "blunder": 0.08026364292442005,
      "inaccuracy": 0.06857663122554797,
      "mistake": 0.027370498584556716,
      "best": 0.17888791268784057,
      "ok": 0.6309563029597307
    }
  }
}