{
  "phase": "Middlegame",
  "lvl-5_vs_grok-3-mini-fast-beta-high": {
    "games_processed": 30,
    "white": {
      "avg_delta_win_pct": -7.425206352143267,
      "avg_eval_delta_cp": -145.70707011512138,
      "avg_cp_loss": 165.06202593893707,
      "avg_win_pct": 29.219125770340675,
      "classification_rates": {
        "blunder": 0.08249434892674087,
        "inaccuracy": 0.054773513154799086,
        "mistake": 0.031061827474870952,
        "best": 0.17900328181845024,
        "ok": 0.6465717905299008
      }
    },
    "black": {
      "avg_delta_win_pct": -7.185385017157596,
      "avg_eval_delta_cp": -148.09177788505798,
      "avg_cp_loss": 159.2234270604821,
      "avg_win_pct": 64.24146407426319,
      "classification_rates": {
        "blunder": 0.07970306514191333,
        "inaccuracy": 0.08240535106917346,
        "mistake": 0.022891346072460624,
        "best": 0.17671862896317955,
        "ok": 0.6168803348633574
      }
    },
    "total": {
      "avg_delta_win_pct": -7.2760506415027315,
      "avg_eval_delta_cp": -146.44251191459,
      "avg_cp_loss": 161.873406372428,
      "avg_win_pct": 46.77668561532702,
      "classification_rates": {
        "blunder": 0.08026364292442005,
        "inaccuracy": 0.06857663122554797,
        "mistake": 0.027370498584556716,
        "best": 0.17888791268784057,
        "ok": 0.6309563029597307
      }
    }
  }
}