{
  "phase": "Opening",
  "lvl-5_vs_grok-3-mini-fast-beta-high": {
    "games_processed": 30,
    "white": {
      "avg_delta_win_pct": -11.265259541161114,
      "avg_eval_delta_cp": -164.51818181818183,
      "avg_cp_loss": 166.97878787878787,
      "avg_win_pct": 43.14141672519965,
      "classification_rates": {
        "blunder": 0.12121212121212122,
        "inaccuracy": 0.15151515151515152,
        "mistake": 0.04242424242424243,
        "best": 0.11818181818181818,
        "ok": 0.5666666666666667
      }
    },
    "black": {
      "avg_delta_win_pct": -12.263205136828057,
      "avg_eval_delta_cp": -176.21333333333334,
      "avg_cp_loss": 177.96,
      "avg_win_pct": 45.453161400904676,
      "classification_rates": {
        "blunder": 0.17,
        "inaccuracy": 0.12000000000000001,
        "mistake": 0.05,
        "best": 0.17666666666666667,
        "ok": 0.48333333333333334
      }
    },
    "total": {
      "avg_delta_win_pct": -11.740471729573944,
      "avg_eval_delta_cp": -170.0873015873016,
      "avg_cp_loss": 172.2079365079365,
      "avg_win_pct": 44.242247523154425,
      "classification_rates": {
        "blunder": 0.14444444444444443,
        "inaccuracy": 0.1365079365079365,
        "mistake": 0.04603174603174603,
        "best": 0.146031746031746,
        "ok": 0.526984126984127
      }
    }
  }
}