{
  "phase": "Opening",
  "lvl-5_vs_grok-3-mini-fast-beta-high": {
    "games_processed": 30,
    "avg_delta_win_pct": -11.740471729573944,
    "avg_eval_delta_cp": -170.0873015873016,
    "avg_cp_loss": 172.2079365079365,
    "avg_win_pct": 44.242247523154425,
    "classification_rates": {
      "blunder": 0.14444444444444443,
      "inaccuracy": 0.1365079365079365,
      "mistake": 0.04603174603174603,
      "best": 0.146031746031746,
      "ok": 0.526984126984127
    }
  }
}