{
  "phase": "Overall",
  "lvl-5_vs_grok-3-mini-fast-beta-high": {
    "games_processed": 30,
    "white": {
      "avg_delta_win_pct": -5.7323466586224,
      "avg_eval_delta_cp": -103.2035387233498,
      "avg_cp_loss": 161.8280649560893,
      "avg_win_pct": 64.74190487515258,
      "classification_rates": {
        "blunder": 0.05808712179320128,
        "inaccuracy": 0.07231972166205533,
        "mistake": 0.022356289282463422,
        "best": 0.15389714828154527,
        "ok": 0.6794205958814987
      }
    },
    "black": {
      "avg_delta_win_pct": -6.300272214109105,
      "avg_eval_delta_cp": -109.2019694654797,
      "avg_cp_loss": 173.1547337111298,
      "avg_win_pct": 29.235805584627254,
      "classification_rates": {
        "blunder": 0.07803830428184705,
        "inaccuracy": 0.05442434055187598,
        "mistake": 0.024307992807254035,
        "best": 0.17103482614524365,
        "ok": 0.6712283526389001
      }
    },
    "total": {
      "avg_delta_win_pct": -6.012123662133666,
      "avg_eval_delta_cp": -106.11572845304772,
      "avg_cp_loss": 167.40060368246913,
      "avg_win_pct": 47.12465027558845,
      "classification_rates": {
        "blunder": 0.06792738762651408,
        "inaccuracy": 0.06348192411954032,
        "mistake": 0.023331268364651176,
        "best": 0.16251760956227349,
        "ok": 0.6752075855213523
      }
    }
  }
}