{
  "phase": "Overall",
  "lvl-5_vs_grok-3-mini-fast-beta-high": {
    "games_processed": 30,
    "avg_delta_win_pct": -6.012123662133666,
    "avg_eval_delta_cp": -106.11572845304772,
    "avg_cp_loss": 167.40060368246913,
    "avg_win_pct": 47.12465027558845,
    "classification_rates": {
      "blunder": 0.06792738762651408,
      "inaccuracy": 0.06348192411954032,
      "mistake": 0.023331268364651176,
      "best": 0.16251760956227349,
      "ok": 0.6752075855213523
    }
  }
}