{
  "phase": "Opening",
  "lvl-1_vs_o3-mini-2025-01-31-high": {
    "games_processed": 30,
    "white": {
      "avg_delta_win_pct": -11.15348932837664,
      "avg_eval_delta_cp": -161.79696969696968,
      "avg_cp_loss": 162.8151515151515,
      "avg_win_pct": 35.502143330519736,
      "classification_rates": {
        "blunder": 0.10606060606060606,
        "inaccuracy": 0.17272727272727273,
        "mistake": 0.05454545454545454,
        "best": 0.10909090909090909,
        "ok": 0.5575757575757576
      }
    },
    "black": {
      "avg_delta_win_pct": -9.923477948116068,
      "avg_eval_delta_cp": -135.58666666666667,
      "avg_cp_loss": 136.89333333333332,
      "avg_win_pct": 53.97651901458793,
      "classification_rates": {
        "blunder": 0.12333333333333334,
        "inaccuracy": 0.12000000000000001,
        "mistake": 0.043333333333333335,
        "best": 0.15333333333333335,
        "ok": 0.5599999999999999
      }
    },
    "total": {
      "avg_delta_win_pct": -10.567769623490653,
      "avg_eval_delta_cp": -149.31587301587302,
      "avg_cp_loss": 150.47142857142856,
      "avg_win_pct": 44.29946508483792,
      "classification_rates": {
        "blunder": 0.11428571428571428,
        "inaccuracy": 0.14761904761904762,
        "mistake": 0.049206349206349205,
        "best": 0.13015873015873014,
        "ok": 0.5587301587301587
      }
    }
  }
}