{
  "phase": "Middlegame",
  "o4-mini": {
    "games_processed": 30,
    "white": {
      "avg_delta_win_pct": -3.4249534200757736,
      "avg_eval_delta_cp": -89.87459777935861,
      "avg_cp_loss": 109.9970724421851,
      "avg_win_pct": 75.05214352924574,
      "classification_rates": {
        "blunder": 0.03988011988011988,
        "inaccuracy": 0.0397213890510992,
        "mistake": 0.005606884057971015,
        "best": 0.17850047187019089,
        "ok": 0.6602560073591145
      }
    },
    "black": {
      "avg_delta_win_pct": -3.92260733494828,
      "avg_eval_delta_cp": -97.05241999843062,
      "avg_cp_loss": 123.29602549401636,
      "avg_win_pct": 17.294185424810536,
      "classification_rates": {
        "blunder": 0.0469977244977245,
        "inaccuracy": 0.038462026500069975,
        "mistake": 0.011862373737373737,
        "best": 0.16821344349924786,
        "ok": 0.6809289550276454
      }
    },
    "total": {
      "avg_delta_win_pct": -3.656146238631715,
      "avg_eval_delta_cp": -93.00418386778999,
      "avg_cp_loss": 116.13642680607558,
      "avg_win_pct": 47.057463002058995,
      "classification_rates": {
        "blunder": 0.04326459602775393,
        "inaccuracy": 0.039183391735421694,
        "mistake": 0.008536324786324786,
        "best": 0.1735717312584842,
        "ok": 0.6695260231792857
      }
    }
  }
}