{
  "phase": "Overall",
  "o4-mini": {
    "games_processed": 30,
    "white": {
      "avg_delta_win_pct": -6.60883967512851,
      "avg_eval_delta_cp": -124.43775112262159,
      "avg_cp_loss": 142.599518180126,
      "avg_win_pct": 12.928140705834771,
      "classification_rates": {
        "blunder": 0.07501180522051147,
        "inaccuracy": 0.0641372066968621,
        "mistake": 0.03454640675783921,
        "best": 0.1479263700618688,
        "ok": 0.6783782112629184
      }
    },
    "black": {
      "avg_delta_win_pct": -4.925296911444131,
      "avg_eval_delta_cp": -93.7682551123649,
      "avg_cp_loss": 111.35974901748524,
      "avg_win_pct": 82.18256482728212,
      "classification_rates": {
        "blunder": 0.06296801579069636,
        "inaccuracy": 0.04533392045495443,
        "mistake": 0.013352151936707043,
        "best": 0.16370196401223375,
        "ok": 0.6779494652195038
      }
    },
    "total": {
      "avg_delta_win_pct": -5.767068293286321,
      "avg_eval_delta_cp": -109.10300311749324,
      "avg_cp_loss": 126.97963359880562,
      "avg_win_pct": 47.55535276655845,
      "classification_rates": {
        "blunder": 0.06898991050560392,
        "inaccuracy": 0.054735563575908266,
        "mistake": 0.023949279347273127,
        "best": 0.15581416703705128,
        "ok": 0.6781638382412111
      }
    }
  }
}