{
  "phase": "Middlegame",
  "lvl-1_vs_o3-mini-2025-01-31-low": {
    "games_processed": 30,
    "avg_delta_win_pct": -11.39058683725886,
    "avg_eval_delta_cp": -219.91828280074506,
    "avg_cp_loss": 227.42776815645638,
    "avg_win_pct": 42.81723076717802,
    "classification_rates": {
      "blunder": 0.12504673807264619,
      "inaccuracy": 0.11987580734480884,
      "mistake": 0.058680315281591386,
      "best": 0.0744610654590107,
      "ok": 0.579969747013092
    }
  }
}