{
  "phase": "Opening",
  "lvl-1_vs_o3-mini-2025-01-31-low": {
    "games_processed": 30,
    "white": {
      "avg_delta_win_pct": -11.195648260448,
      "avg_eval_delta_cp": -146.86969696969697,
      "avg_cp_loss": 147.3060606060606,
      "avg_win_pct": 47.27477193735851,
      "classification_rates": {
        "blunder": 0.12121212121212122,
        "inaccuracy": 0.1696969696969697,
        "mistake": 0.048484848484848485,
        "best": 0.09015151515151515,
        "ok": 0.5704545454545454
      }
    },
    "black": {
      "avg_delta_win_pct": -11.864847545158742,
      "avg_eval_delta_cp": -156.87,
      "avg_cp_loss": 157.39,
      "avg_win_pct": 41.086812858868505,
      "classification_rates": {
        "blunder": 0.14,
        "inaccuracy": 0.20666666666666667,
        "mistake": 0.06666666666666667,
        "best": 0.12222222222222222,
        "ok": 0.46444444444444444
      }
    },
    "total": {
      "avg_delta_win_pct": -11.520626444501337,
      "avg_eval_delta_cp": -151.7015873015873,
      "avg_cp_loss": 152.17777777777778,
      "avg_win_pct": 44.308706845889226,
      "classification_rates": {
        "blunder": 0.13015873015873014,
        "inaccuracy": 0.1873015873015873,
        "mistake": 0.05714285714285714,
        "best": 0.10476190476190475,
        "ok": 0.5206349206349207
      }
    }
  }
}