{
  "phase": "Opening",
  "lvl-1_vs_o3-mini-2025-01-31-low": {
    "games_processed": 30,
    "avg_delta_win_pct": -11.520626444501337,
    "avg_eval_delta_cp": -151.7015873015873,
    "avg_cp_loss": 152.17777777777778,
    "avg_win_pct": 44.308706845889226,
    "classification_rates": {
      "blunder": 0.13015873015873014,
      "inaccuracy": 0.1873015873015873,
      "mistake": 0.05714285714285714,
      "best": 0.10476190476190475,
      "ok": 0.5206349206349207
    }
  }
}