{
  "phase": "Overall",
  "lvl-1_vs_o3-mini-2025-01-31-low": {
    "games_processed": 30,
    "white": {
      "avg_delta_win_pct": -9.436159093558922,
      "avg_eval_delta_cp": -176.99374861995145,
      "avg_cp_loss": 183.9085369362192,
      "avg_win_pct": 68.43336599762766,
      "classification_rates": {
        "blunder": 0.09833365363842884,
        "inaccuracy": 0.11896848903456611,
        "mistake": 0.041696724649696086,
        "best": 0.08109465340367104,
        "ok": 0.6485320769734413
      }
    },
    "black": {
      "avg_delta_win_pct": -9.918377280795427,
      "avg_eval_delta_cp": -185.52066617106317,
      "avg_cp_loss": 193.7035905667935,
      "avg_win_pct": 21.801674548770666,
      "classification_rates": {
        "blunder": 0.10675836705807182,
        "inaccuracy": 0.13987821368303913,
        "mistake": 0.053491925982723544,
        "best": 0.11518714746340182,
        "ok": 0.5836843458127637
      }
    },
    "total": {
      "avg_delta_win_pct": -9.68325544452754,
      "avg_eval_delta_cp": -181.29447920853036,
      "avg_cp_loss": 188.84305940738625,
      "avg_win_pct": 45.277014577815905,
      "classification_rates": {
        "blunder": 0.10253275168641632,
        "inaccuracy": 0.12919672476863642,
        "mistake": 0.047506232927879206,
        "best": 0.09710024651369445,
        "ok": 0.6174030440619136
      }
    }
  }
}