{
  "phase": "Overall",
  "lvl-1_vs_o3-mini-2025-01-31-low": {
    "games_processed": 30,
    "avg_delta_win_pct": -9.68325544452754,
    "avg_eval_delta_cp": -181.29447920853036,
    "avg_cp_loss": 188.84305940738625,
    "avg_win_pct": 45.277014577815905,
    "classification_rates": {
      "blunder": 0.10253275168641632,
      "inaccuracy": 0.12919672476863642,
      "mistake": 0.047506232927879206,
      "best": 0.09710024651369445,
      "ok": 0.6174030440619136
    }
  }
}