{
  "phase": "Opening",
  "grok-3-mini-beta-high": {
    "games_processed": 30,
    "white": {
      "avg_delta_win_pct": -13.866790082679833,
      "avg_eval_delta_cp": -221.41363636363636,
      "avg_cp_loss": 221.99545454545455,
      "avg_win_pct": 24.875776707279336,
      "classification_rates": {
        "blunder": 0.1796969696969697,
        "inaccuracy": 0.12212121212121212,
        "mistake": 0.06696969696969697,
        "best": 0.057878787878787884,
        "ok": 0.5733333333333334
      }
    },
    "black": {
      "avg_delta_win_pct": -10.63410417385168,
      "avg_eval_delta_cp": -159.15333333333334,
      "avg_cp_loss": 161.61333333333334,
      "avg_win_pct": 62.88818468888065,
      "classification_rates": {
        "blunder": 0.14666666666666667,
        "inaccuracy": 0.09666666666666666,
        "mistake": 0.05,
        "best": 0.26666666666666666,
        "ok": 0.44
      }
    },
    "total": {
      "avg_delta_win_pct": -12.32107020881486,
      "avg_eval_delta_cp": -191.68222222222224,
      "avg_cp_loss": 193.16222222222223,
      "avg_win_pct": 43.04931935514297,
      "classification_rates": {
        "blunder": 0.1638095238095238,
        "inaccuracy": 0.10984126984126984,
        "mistake": 0.05904761904761904,
        "best": 0.1576984126984127,
        "ok": 0.5096031746031746
      }
    }
  }
}