{
  "phase": "Middlegame",
  "grok-3-mini-beta": {
    "games_processed": 30,
    "avg_delta_win_pct": -6.674992498716901,
    "avg_eval_delta_cp": -150.67551957973487,
    "avg_cp_loss": 192.30157920586643,
    "avg_win_pct": 44.896674153749544,
    "classification_rates": {
      "blunder": 0.07690622838012794,
      "inaccuracy": 0.040231848438437606,
      "mistake": 0.01983460486203697,
      "best": 0.11332276866003714,
      "ok": 0.7114581425078318
    }
  }
}