{
  "phase": "Opening",
  "grok-3-mini-beta": {
    "games_processed": 30,
    "white": {
      "avg_delta_win_pct": -16.108266610837713,
      "avg_eval_delta_cp": -257.93939393939394,
      "avg_cp_loss": 258.58787878787876,
      "avg_win_pct": 25.860709827927728,
      "classification_rates": {
        "blunder": 0.17878787878787877,
        "inaccuracy": 0.20909090909090908,
        "mistake": 0.11212121212121212,
        "best": 0.051515151515151514,
        "ok": 0.44545454545454544
      }
    },
    "black": {
      "avg_delta_win_pct": -13.541614292842835,
      "avg_eval_delta_cp": -212.33,
      "avg_cp_loss": 213.74333333333334,
      "avg_win_pct": 59.238030953263035,
      "classification_rates": {
        "blunder": 0.15333333333333335,
        "inaccuracy": 0.16,
        "mistake": 0.09333333333333334,
        "best": 0.17,
        "ok": 0.42333333333333334
      }
    },
    "total": {
      "avg_delta_win_pct": -14.886051221316343,
      "avg_eval_delta_cp": -236.22063492063492,
      "avg_cp_loss": 237.23333333333332,
      "avg_win_pct": 41.75467226856359,
      "classification_rates": {
        "blunder": 0.16666666666666666,
        "inaccuracy": 0.1857142857142857,
        "mistake": 0.10317460317460317,
        "best": 0.10793650793650793,
        "ok": 0.43492063492063493
      }
    }
  }
}