{
  "phase": "Opening",
  "grok-3-mini-beta": {
    "games_processed": 30,
    "avg_delta_win_pct": -14.886051221316343,
    "avg_eval_delta_cp": -236.22063492063492,
    "avg_cp_loss": 237.23333333333332,
    "avg_win_pct": 41.75467226856359,
    "classification_rates": {
      "blunder": 0.16666666666666666,
      "inaccuracy": 0.1857142857142857,
      "mistake": 0.10317460317460317,
      "best": 0.10793650793650793,
      "ok": 0.43492063492063493
    }
  }
}