{
  "phase": "Overall",
  "grok-3-mini-beta": {
    "games_processed": 30,
    "white": {
      "avg_delta_win_pct": -6.669258817021698,
      "avg_eval_delta_cp": -130.02213075700593,
      "avg_cp_loss": 164.1044703205463,
      "avg_win_pct": 9.408332371776849,
      "classification_rates": {
        "blunder": 0.08008481983045526,
        "inaccuracy": 0.06078273471693506,
        "mistake": 0.02956983466050768,
        "best": 0.15616010805922156,
        "ok": 0.667470934836889
      }
    },
    "black": {
      "avg_delta_win_pct": -6.464805542872557,
      "avg_eval_delta_cp": -125.97900038179678,
      "avg_cp_loss": 164.0352937235618,
      "avg_win_pct": 84.5002990070106,
      "classification_rates": {
        "blunder": 0.07812492651860416,
        "inaccuracy": 0.0498204659787098,
        "mistake": 0.026954023476505683,
        "best": 0.10974511832673302,
        "ok": 0.7275848361190588
      }
    },
    "total": {
      "avg_delta_win_pct": -6.561950259526551,
      "avg_eval_delta_cp": -127.89919086883383,
      "avg_cp_loss": 163.97769262775014,
      "avg_win_pct": 46.89363714691425,
      "classification_rates": {
        "blunder": 0.07899679527141472,
        "inaccuracy": 0.05536716841838254,
        "mistake": 0.028272803011188497,
        "best": 0.13282529338148838,
        "ok": 0.6976051063628383
      }
    }
  }
}