{
  "phase": "Overall",
  "grok-3-mini-beta": {
    "games_processed": 30,
    "avg_delta_win_pct": -6.561950259526551,
    "avg_eval_delta_cp": -127.89919086883383,
    "avg_cp_loss": 163.97769262775014,
    "avg_win_pct": 46.89363714691425,
    "classification_rates": {
      "blunder": 0.07899679527141472,
      "inaccuracy": 0.05536716841838254,
      "mistake": 0.028272803011188497,
      "best": 0.13282529338148838,
      "ok": 0.6976051063628383
    }
  }
}