{
  "phase": "Middlegame",
  "o4-mini-2025-04-16-low_pgn": {
    "games_processed": 30,
    "avg_delta_win_pct": -4.043354372744771,
    "avg_eval_delta_cp": -110.41404812414262,
    "avg_cp_loss": 131.7350698292745,
    "avg_win_pct": 48.28505808212448,
    "classification_rates": {
      "blunder": 0.04027935917405347,
      "inaccuracy": 0.02915156638951726,
      "mistake": 0.012847654394222986,
      "best": 0.15958717806564965,
      "ok": 0.7420706539569127
    }
  }
}