{
  "phase": "Opening",
  "o4-mini-2025-04-16-low_pgn": {
    "games_processed": 30,
    "white": {
      "avg_delta_win_pct": -12.116955251392405,
      "avg_eval_delta_cp": -191.55757575757576,
      "avg_cp_loss": 192.4969696969697,
      "avg_win_pct": 24.157574090835354,
      "classification_rates": {
        "blunder": 0.11515151515151516,
        "inaccuracy": 0.1606060606060606,
        "mistake": 0.06666666666666667,
        "best": 0.08484848484848485,
        "ok": 0.5727272727272728
      }
    },
    "black": {
      "avg_delta_win_pct": -8.705492455606336,
      "avg_eval_delta_cp": -128.65333333333334,
      "avg_cp_loss": 130.50666666666666,
      "avg_win_pct": 65.5405594443107,
      "classification_rates": {
        "blunder": 0.10333333333333333,
        "inaccuracy": 0.12000000000000001,
        "mistake": 0.02666666666666667,
        "best": 0.23666666666666666,
        "ok": 0.5133333333333333
      }
    },
    "total": {
      "avg_delta_win_pct": -10.492449158160944,
      "avg_eval_delta_cp": -161.6031746031746,
      "avg_cp_loss": 162.9777777777778,
      "avg_win_pct": 43.86375759249028,
      "classification_rates": {
        "blunder": 0.10952380952380952,
        "inaccuracy": 0.14126984126984127,
        "mistake": 0.047619047619047616,
        "best": 0.15714285714285714,
        "ok": 0.5444444444444444
      }
    }
  }
}