{
  "phase": "Opening",
  "o4-mini-2025-04-16-low_pgn": {
    "games_processed": 30,
    "avg_delta_win_pct": -10.492449158160944,
    "avg_eval_delta_cp": -161.6031746031746,
    "avg_cp_loss": 162.9777777777778,
    "avg_win_pct": 43.86375759249028,
    "classification_rates": {
      "blunder": 0.10952380952380952,
      "inaccuracy": 0.14126984126984127,
      "mistake": 0.047619047619047616,
      "best": 0.15714285714285714,
      "ok": 0.5444444444444444
    }
  }
}