{
  "phase": "Overall",
  "o4-mini-2025-04-16-low_pgn": {
    "games_processed": 30,
    "avg_delta_win_pct": -5.230017109419433,
    "avg_eval_delta_cp": -108.36198408361767,
    "avg_cp_loss": 134.30142188443781,
    "avg_win_pct": 47.59012649869689,
    "classification_rates": {
      "blunder": 0.05751557796450231,
      "inaccuracy": 0.04932116013861827,
      "mistake": 0.01817619568962815,
      "best": 0.15570051903383852,
      "ok": 0.7109722913698273
    }
  }
}