{
  "phase": "Overall",
  "o4-mini-2025-04-16-low_pgn": {
    "games_processed": 30,
    "white": {
      "avg_delta_win_pct": -5.611039947547383,
      "avg_eval_delta_cp": -112.66287458518984,
      "avg_cp_loss": 137.1141300904848,
      "avg_win_pct": 9.84124090790754,
      "classification_rates": {
        "blunder": 0.061579174379587986,
        "inaccuracy": 0.05334221333526769,
        "mistake": 0.019919473780427657,
        "best": 0.17898089182615504,
        "ok": 0.6856406122699594
      }
    },
    "black": {
      "avg_delta_win_pct": -4.848954766372093,
      "avg_eval_delta_cp": -104.07624850139597,
      "avg_cp_loss": 131.50194079534648,
      "avg_win_pct": 85.36977858192019,
      "classification_rates": {
        "blunder": 0.05345179527006126,
        "inaccuracy": 0.04531429802270888,
        "mistake": 0.016424206364689595,
        "best": 0.13239344064308553,
        "ok": 0.736329753512338
      }
    },
    "total": {
      "avg_delta_win_pct": -5.230017109419433,
      "avg_eval_delta_cp": -108.36198408361767,
      "avg_cp_loss": 134.30142188443781,
      "avg_win_pct": 47.59012649869689,
      "classification_rates": {
        "blunder": 0.05751557796450231,
        "inaccuracy": 0.04932116013861827,
        "mistake": 0.01817619568962815,
        "best": 0.15570051903383852,
        "ok": 0.7109722913698273
      }
    }
  }
}