{
  "phase": "Middlegame",
  "o4-mini": {
    "games_processed": 30,
    "avg_delta_win_pct": -3.656146238631715,
    "avg_eval_delta_cp": -93.00418386778999,
    "avg_cp_loss": 116.13642680607558,
    "avg_win_pct": 47.057463002058995,
    "classification_rates": {
      "blunder": 0.04326459602775393,
      "inaccuracy": 0.039183391735421694,
      "mistake": 0.008536324786324786,
      "best": 0.1735717312584842,
      "ok": 0.6695260231792857
    }
  }
}