{
  "phase": "Opening",
  "o4-mini": {
    "games_processed": 30,
    "avg_delta_win_pct": -10.878054569116328,
    "avg_eval_delta_cp": -166.63730158730158,
    "avg_cp_loss": 169.73253968253968,
    "avg_win_pct": 43.789748995473026,
    "classification_rates": {
      "blunder": 0.13968253968253969,
      "inaccuracy": 0.10317460317460317,
      "mistake": 0.04793650793650794,
      "best": 0.12857142857142856,
      "ok": 0.5773015873015873
    }
  }
}