{
  "phase": "Opening",
  "o4-mini": {
    "games_processed": 30,
    "white": {
      "avg_delta_win_pct": -12.434972471190806,
      "avg_eval_delta_cp": -196.9460606060606,
      "avg_cp_loss": 199.7460606060606,
      "avg_win_pct": 26.87103403083977,
      "classification_rates": {
        "blunder": 0.1484848484848485,
        "inaccuracy": 0.12121212121212122,
        "mistake": 0.06181818181818182,
        "best": 0.06363636363636364,
        "ok": 0.6048484848484849
      }
    },
    "black": {
      "avg_delta_win_pct": -9.182446464440915,
      "avg_eval_delta_cp": -133.64333333333335,
      "avg_cp_loss": 137.06333333333333,
      "avg_win_pct": 62.34433469166791,
      "classification_rates": {
        "blunder": 0.13,
        "inaccuracy": 0.08333333333333333,
        "mistake": 0.03333333333333333,
        "best": 0.2,
        "ok": 0.5466666666666666
      }
    },
    "total": {
      "avg_delta_win_pct": -10.878054569116328,
      "avg_eval_delta_cp": -166.63730158730158,
      "avg_cp_loss": 169.73253968253968,
      "avg_win_pct": 43.789748995473026,
      "classification_rates": {
        "blunder": 0.13968253968253969,
        "inaccuracy": 0.10317460317460317,
        "mistake": 0.04793650793650794,
        "best": 0.12857142857142856,
        "ok": 0.5773015873015873
      }
    }
  }
}