{
  "phase": "Overall",
  "o4-mini": {
    "games_processed": 30,
    "avg_delta_win_pct": -5.767068293286321,
    "avg_eval_delta_cp": -109.10300311749324,
    "avg_cp_loss": 126.97963359880562,
    "avg_win_pct": 47.55535276655845,
    "classification_rates": {
      "blunder": 0.06898991050560392,
      "inaccuracy": 0.054735563575908266,
      "mistake": 0.023949279347273127,
      "best": 0.15581416703705128,
      "ok": 0.6781638382412111
    }
  }
}