{
  "phase": "Middlegame",
  "grok-3-mini-beta-high": {
    "games_processed": 30,
    "white": {
      "avg_delta_win_pct": -1.0651287488250565,
      "avg_eval_delta_cp": -26.24153154284109,
      "avg_cp_loss": 75.93142112897233,
      "avg_win_pct": 78.69625145256742,
      "classification_rates": {
        "blunder": 0.00696078431372549,
        "inaccuracy": 0.012826400652487609,
        "mistake": 0.0048484848484848485,
        "best": 0.2005076055086286,
        "ok": 0.7441741911267733
      }
    },
    "black": {
      "avg_delta_win_pct": -1.4570168678884798,
      "avg_eval_delta_cp": -35.367218979810076,
      "avg_cp_loss": 89.81448846747605,
      "avg_win_pct": 18.87714187955788,
      "classification_rates": {
        "blunder": 0.015890120415982485,
        "inaccuracy": 0.011360899636761705,
        "mistake": 0.008101851851851851,
        "best": 0.16395782929898225,
        "ok": 0.7965270884577408
      }
    },
    "total": {
      "avg_delta_win_pct": -1.2512636595931868,
      "avg_eval_delta_cp": -30.56423851568736,
      "avg_cp_loss": 82.5754709716036,
      "avg_win_pct": 49.57144702957023,
      "classification_rates": {
        "blunder": 0.011172356964631305,
        "inaccuracy": 0.012179823496183474,
        "mistake": 0.006385573915408676,
        "best": 0.183365958475545,
        "ok": 0.7689340818188746
      }
    }
  }
}