{
  "phase": "Middlegame",
  "grok-3-mini-beta-high": {
    "games_processed": 30,
    "avg_delta_win_pct": -1.2512636595931868,
    "avg_eval_delta_cp": -30.56423851568736,
    "avg_cp_loss": 82.5754709716036,
    "avg_win_pct": 49.57144702957023,
    "classification_rates": {
      "blunder": 0.011172356964631305,
      "inaccuracy": 0.012179823496183474,
      "mistake": 0.006385573915408676,
      "best": 0.183365958475545,
      "ok": 0.7689340818188746
    }
  }
}