{
  "phase": "Opening",
  "grok-3-mini-beta-high": {
    "games_processed": 30,
    "avg_delta_win_pct": -12.32107020881486,
    "avg_eval_delta_cp": -191.68222222222224,
    "avg_cp_loss": 193.16222222222223,
    "avg_win_pct": 43.04931935514297,
    "classification_rates": {
      "blunder": 0.1638095238095238,
      "inaccuracy": 0.10984126984126984,
      "mistake": 0.05904761904761904,
      "best": 0.1576984126984127,
      "ok": 0.5096031746031746
    }
  }
}