{
  "phase": "Overall",
  "grok-3-mini-beta-high": {
    "games_processed": 30,
    "white": {
      "avg_delta_win_pct": -4.93456371858796,
      "avg_eval_delta_cp": -83.6665721023902,
      "avg_cp_loss": 118.31773453773506,
      "avg_win_pct": 8.877421584719759,
      "classification_rates": {
        "blunder": 0.06281820106694615,
        "inaccuracy": 0.03887701216808381,
        "mistake": 0.025029683354740463,
        "best": 0.1791630177769845,
        "ok": 0.693402865775089
      }
    },
    "black": {
      "avg_delta_win_pct": -3.720166000251028,
      "avg_eval_delta_cp": -58.25631432513845,
      "avg_cp_loss": 97.2137125433955,
      "avg_win_pct": 87.42515048230356,
      "classification_rates": {
        "blunder": 0.048571510398832216,
        "inaccuracy": 0.034492899447602664,
        "mistake": 0.01513494609124097,
        "best": 0.18234227607940462,
        "ok": 0.6969204172133
      }
    },
    "total": {
      "avg_delta_win_pct": -4.327453255270692,
      "avg_eval_delta_cp": -70.96735196357133,
      "avg_cp_loss": 107.76900995164767,
      "avg_win_pct": 48.126865531750596,
      "classification_rates": {
        "blunder": 0.0556998294930502,
        "inaccuracy": 0.0366900953510473,
        "mistake": 0.02007705783285697,
        "best": 0.18079093286347728,
        "ok": 0.6951146861356904
      }
    }
  }
}