{
  "phase": "Overall",
  "grok-3-mini-beta-high": {
    "games_processed": 30,
    "avg_delta_win_pct": -4.327453255270692,
    "avg_eval_delta_cp": -70.96735196357133,
    "avg_cp_loss": 107.76900995164767,
    "avg_win_pct": 48.126865531750596,
    "classification_rates": {
      "blunder": 0.0556998294930502,
      "inaccuracy": 0.0366900953510473,
      "mistake": 0.02007705783285697,
      "best": 0.18079093286347728,
      "ok": 0.6951146861356904
    }
  }
}