{
  "phase": "Middlegame",
  "grok-3-mini-beta": {
    "games_processed": 30,
    "white": {
      "avg_delta_win_pct": -5.3143361719847055,
      "avg_eval_delta_cp": -120.50741632418415,
      "avg_cp_loss": 157.27413119723965,
      "avg_win_pct": 82.12292163512213,
      "classification_rates": {
        "blunder": 0.05878707388795382,
        "inaccuracy": 0.03246429427503701,
        "mistake": 0.010714070577808064,
        "best": 0.1053165095078955,
        "ok": 0.784471408269713
      }
    },
    "black": {
      "avg_delta_win_pct": -5.275467628457433,
      "avg_eval_delta_cp": -118.35985518375553,
      "avg_cp_loss": 152.40366037646524,
      "avg_win_pct": 11.740847559840445,
      "classification_rates": {
        "blunder": 0.0627244496715014,
        "inaccuracy": 0.02717636636133941,
        "mistake": 0.006952124935995904,
        "best": 0.19442636872291008,
        "ok": 0.7063132829008458
      }
    },
    "total": {
      "avg_delta_win_pct": -5.295937641454191,
      "avg_eval_delta_cp": -119.49495084263752,
      "avg_cp_loss": 154.88410938861892,
      "avg_win_pct": 47.21323234948904,
      "classification_rates": {
        "blunder": 0.060718651223397355,
        "inaccuracy": 0.02983402970967766,
        "mistake": 0.008858849879153622,
        "best": 0.14995551729429202,
        "ok": 0.745249775704232
      }
    }
  }
}