{
  "phase": "Middlegame",
  "grok-3-mini-beta": {
    "games_processed": 30,
    "avg_delta_win_pct": -5.295937641454191,
    "avg_eval_delta_cp": -119.49495084263752,
    "avg_cp_loss": 154.88410938861892,
    "avg_win_pct": 47.21323234948904,
    "classification_rates": {
      "blunder": 0.060718651223397355,
      "inaccuracy": 0.02983402970967766,
      "mistake": 0.008858849879153622,
      "best": 0.14995551729429202,
      "ok": 0.745249775704232
    }
  }
}