{
  "phase": "Opening",
  "grok-3-mini-beta": {
    "games_processed": 30,
    "avg_delta_win_pct": -13.777508931241325,
    "avg_eval_delta_cp": -214.12539682539682,
    "avg_cp_loss": 215.81428571428572,
    "avg_win_pct": 42.23297773472366,
    "classification_rates": {
      "blunder": 0.16825396825396824,
      "inaccuracy": 0.13333333333333333,
      "mistake": 0.0619047619047619,
      "best": 0.11904761904761904,
      "ok": 0.5174603174603175
    }
  }
}