{
  "phase": "Overall",
  "grok-3-mini-beta": {
    "games_processed": 30,
    "white": {
      "avg_delta_win_pct": -4.832464314430465,
      "avg_eval_delta_cp": -96.30512674031829,
      "avg_cp_loss": 129.4775254386333,
      "avg_win_pct": 7.31560665418557,
      "classification_rates": {
        "blunder": 0.055833129850141494,
        "inaccuracy": 0.038849181328538165,
        "mistake": 0.01598083245440299,
        "best": 0.20299636824505862,
        "ok": 0.6837373954857171
      }
    },
    "black": {
      "avg_delta_win_pct": -4.447040129696926,
      "avg_eval_delta_cp": -88.49887542529105,
      "avg_cp_loss": 126.3135802185813,
      "avg_win_pct": 88.3887790776642,
      "classification_rates": {
        "blunder": 0.0534380338346569,
        "inaccuracy": 0.03300380222447819,
        "mistake": 0.010462190411632108,
        "best": 0.11198830196440152,
        "ok": 0.7819170003755961
      }
    },
    "total": {
      "avg_delta_win_pct": -4.63969788306986,
      "avg_eval_delta_cp": -92.39937883777856,
      "avg_cp_loss": 127.89969208710359,
      "avg_win_pct": 47.79750245062706,
      "classification_rates": {
        "blunder": 0.05463530011540267,
        "inaccuracy": 0.03593184578481525,
        "mistake": 0.013228472474958895,
        "best": 0.15753947407232619,
        "ok": 0.7327606409713893
      }
    }
  }
}