{
  "phase": "Overall",
  "grok-3-mini-beta": {
    "games_processed": 30,
    "avg_delta_win_pct": -4.63969788306986,
    "avg_eval_delta_cp": -92.39937883777856,
    "avg_cp_loss": 127.89969208710359,
    "avg_win_pct": 47.79750245062706,
    "classification_rates": {
      "blunder": 0.05463530011540267,
      "inaccuracy": 0.03593184578481525,
      "mistake": 0.013228472474958895,
      "best": 0.15753947407232619,
      "ok": 0.7327606409713893
    }
  }
}