{
  "phase": "Overall",
  "lvl-10_vs_o3-2025-04-16-medium_timeout-60m": {
    "games_processed": 11,
    "white": {
      "avg_delta_win_pct": -2.582114780226599,
      "avg_eval_delta_cp": -18.037023691937723,
      "avg_cp_loss": 71.22818364332625,
      "avg_win_pct": 67.43133183377846,
      "classification_rates": {
        "blunder": 0.0027548209366391185,
        "inaccuracy": 0.06534891340107701,
        "mistake": 0.020726376877224242,
        "best": 0.34076971233469183,
        "ok": 0.5505295282344196
      }
    },
    "black": {
      "avg_delta_win_pct": -3.719068801368166,
      "avg_eval_delta_cp": -65.48080988593784,
      "avg_cp_loss": 89.88972582039808,
      "avg_win_pct": 29.641635631472077,
      "classification_rates": {
        "blunder": 0.038434865893804016,
        "inaccuracy": 0.050739255757399376,
        "mistake": 0.008839568885405403,
        "best": 0.38554284714521536,
        "ok": 0.5164434623181758
      }
    },
    "total": {
      "avg_delta_win_pct": -3.1410500907737346,
      "avg_eval_delta_cp": -41.48027237442239,
      "avg_cp_loss": 80.4001571348498,
      "avg_win_pct": 48.749041936801866,
      "classification_rates": {
        "blunder": 0.020218767187827835,
        "inaccuracy": 0.05834397565654306,
        "mistake": 0.01499885357754939,
        "best": 0.36281230209335236,
        "ok": 0.5335555823328153
      }
    }
  }
}