{
  "phase": "Overall",
  "lvl-10_vs_o3-2025-04-16-low": {
    "games_processed": 30,
    "white": {
      "avg_delta_win_pct": -1.9241033781186614,
      "avg_eval_delta_cp": -28.60472843088897,
      "avg_cp_loss": 48.08326387106714,
      "avg_win_pct": 74.7061908417262,
      "classification_rates": {
        "blunder": 0.003115364167995747,
        "inaccuracy": 0.03494324762520355,
        "mistake": 0.006391603261439141,
        "best": 0.3723126345351806,
        "ok": 0.5470335337022
      }
    },
    "black": {
      "avg_delta_win_pct": -3.610248404636655,
      "avg_eval_delta_cp": -66.19047282483696,
      "avg_cp_loss": 78.51813753650936,
      "avg_win_pct": 22.60971592690058,
      "classification_rates": {
        "blunder": 0.03353424719390618,
        "inaccuracy": 0.03931571651710945,
        "mistake": 0.01340996253848151,
        "best": 0.3441388270445614,
        "ok": 0.5687882385758601
      }
    },
    "total": {
      "avg_delta_win_pct": -2.7466872984666275,
      "avg_eval_delta_cp": -46.97561640656697,
      "avg_cp_loss": 62.89413275920842,
      "avg_win_pct": 49.104419474798235,
      "classification_rates": {
        "blunder": 0.01795436280772826,
        "inaccuracy": 0.03706112247089582,
        "mistake": 0.009824818055816002,
        "best": 0.35866936504137326,
        "ok": 0.5575499828276627
      }
    }
  }
}