{
  "phase": "Middlegame",
  "o4-mini-2025-04-16-medium": {
    "games_processed": 30,
    "white": {
      "avg_delta_win_pct": -2.3565775890238085,
      "avg_eval_delta_cp": -75.69510203012962,
      "avg_cp_loss": 100.38714519764795,
      "avg_win_pct": 75.11925432868277,
      "classification_rates": {
        "blunder": 0.01753968253968254,
        "inaccuracy": 0.0238409409967381,
        "mistake": 0.012380952380952381,
        "best": 0.22219417807597014,
        "ok": 0.639996766379467
      }
    },
    "black": {
      "avg_delta_win_pct": -2.9218007001613473,
      "avg_eval_delta_cp": -89.25095675246804,
      "avg_cp_loss": 118.47689117463658,
      "avg_win_pct": 17.70451502909936,
      "classification_rates": {
        "blunder": 0.022299005692835095,
        "inaccuracy": 0.021439181827112862,
        "mistake": 0.013284005770394156,
        "best": 0.21252175054699876,
        "ok": 0.6854713186779217
      }
    },
    "total": {
      "avg_delta_win_pct": -2.6266793418929786,
      "avg_eval_delta_cp": -81.73108527550173,
      "avg_cp_loss": 108.62080332390335,
      "avg_win_pct": 47.92789787328938,
      "classification_rates": {
        "blunder": 0.019897347369098782,
        "inaccuracy": 0.02267696240757692,
        "mistake": 0.012874832791573797,
        "best": 0.214947419594284,
        "ok": 0.6591779832234245
      }
    }
  }
}