{
  "phase": "Middlegame",
  "o4-mini-2025-04-16-medium": {
    "games_processed": 20,
    "avg_delta_win_pct": -2.0225739404863923,
    "avg_eval_delta_cp": -77.67668497646743,
    "avg_cp_loss": 113.14516639233464,
    "avg_win_pct": 48.06409475259278,
    "classification_rates": {
      "blunder": 0.013657407407407406,
      "inaccuracy": 0.017303459119496857,
      "mistake": 0.0062037037037037035,
      "best": 0.22442170266192635,
      "ok": 0.6424776060133257
    }
  }
}