{
  "phase": "Opening",
  "o4-mini-2025-04-16-medium": {
    "games_processed": 20,
    "avg_delta_win_pct": -9.66684922284267,
    "avg_eval_delta_cp": -168.40357142857144,
    "avg_cp_loss": 175.39880952380952,
    "avg_win_pct": 44.30668693098252,
    "classification_rates": {
      "blunder": 0.08809523809523809,
      "inaccuracy": 0.13214285714285715,
      "mistake": 0.044047619047619044,
      "best": 0.14047619047619048,
      "ok": 0.5916666666666667
    }
  }
}