{
  "phase": "Overall",
  "o4-mini-2025-04-16-medium": {
    "games_processed": 20,
    "avg_delta_win_pct": -4.761687617642413,
    "avg_eval_delta_cp": -95.93119937278509,
    "avg_cp_loss": 126.45266911026152,
    "avg_win_pct": 48.03537317543557,
    "classification_rates": {
      "blunder": 0.046936095800204844,
      "inaccuracy": 0.05041970752930027,
      "mistake": 0.02277695664758569,
      "best": 0.19094187944523547,
      "ok": 0.6708519713448902
    }
  }
}