{
  "phase": "Middlegame",
  "grok-3-mini-beta-low": {
    "games_processed": 30,
    "white": {
      "avg_delta_win_pct": -12.190959764015867,
      "avg_eval_delta_cp": -259.5919863684589,
      "avg_cp_loss": 285.1393763395683,
      "avg_win_pct": 72.48334687435043,
      "classification_rates": {
        "blunder": 0.1626202766244628,
        "inaccuracy": 0.06723679480461384,
        "mistake": 0.032530122796278954,
        "best": 0.06988984127089493,
        "ok": 0.6623660925145358
      }
    },
    "black": {
      "avg_delta_win_pct": -11.940123996927403,
      "avg_eval_delta_cp": -248.88954799437033,
      "avg_cp_loss": 278.4288228190347,
      "avg_win_pct": 15.12384761153682,
      "classification_rates": {
        "blunder": 0.15234956380688694,
        "inaccuracy": 0.06836930539767909,
        "mistake": 0.04296885582413622,
        "best": 0.09960431901305879,
        "ok": 0.6338951139941739
      }
    },
    "total": {
      "avg_delta_win_pct": -12.070396833227893,
      "avg_eval_delta_cp": -254.29587377605927,
      "avg_cp_loss": 281.82274724719275,
      "avg_win_pct": 43.940923001204915,
      "classification_rates": {
        "blunder": 0.15770457637167345,
        "inaccuracy": 0.06775618524051237,
        "mistake": 0.037590498661071364,
        "best": 0.08465086066665599,
        "ok": 0.6481678248896309
      }
    }
  }
}