{
  "phase": "Middlegame",
  "grok-3-mini-beta": {
    "games_processed": 30,
    "white": {
      "avg_delta_win_pct": -2.078997428663695,
      "avg_eval_delta_cp": -58.00285586040211,
      "avg_cp_loss": 93.69776098560929,
      "avg_win_pct": 72.15414359001302,
      "classification_rates": {
        "blunder": 0.02063622919239165,
        "inaccuracy": 0.012650650993928656,
        "mistake": 0.004664618535586277,
        "best": 0.14755735934466374,
        "ok": 0.8000260999952498
      }
    },
    "black": {
      "avg_delta_win_pct": -2.335407186763997,
      "avg_eval_delta_cp": -66.73819491068564,
      "avg_cp_loss": 103.74365638522485,
      "avg_win_pct": 25.274685690979734,
      "classification_rates": {
        "blunder": 0.0223760161615186,
        "inaccuracy": 0.011471759879715082,
        "mistake": 0.005043802584786191,
        "best": 0.13435362364442074,
        "ok": 0.8162314706261746
      }
    },
    "total": {
      "avg_delta_win_pct": -2.2046493981994386,
      "avg_eval_delta_cp": -62.314196003879076,
      "avg_cp_loss": 98.64198890619913,
      "avg_win_pct": 49.02161186944376,
      "classification_rates": {
        "blunder": 0.0214766887775597,
        "inaccuracy": 0.011964660722461246,
        "mistake": 0.004844428143529555,
        "best": 0.14096562924602013,
        "ok": 0.8080450430891033
      }
    }
  }
}