{
  "phase": "Middlegame",
  "grok-3-mini-beta": {
    "games_processed": 30,
    "avg_delta_win_pct": -3.9062966539278654,
    "avg_eval_delta_cp": -88.36660194190439,
    "avg_cp_loss": 128.3249565267105,
    "avg_win_pct": 45.53969090792369,
    "classification_rates": {
      "blunder": 0.04051063132796397,
      "inaccuracy": 0.016099548366046743,
      "mistake": 0.020234155127772147,
      "best": 0.14456566907355808,
      "ok": 0.6683098553764594
    }
  }
}