{
  "phase": "Middlegame",
  "grok-3-mini-beta": {
    "games_processed": 30,
    "white": {
      "avg_delta_win_pct": -3.6023187459495745,
      "avg_eval_delta_cp": -86.20484193540979,
      "avg_cp_loss": 120.59794117775047,
      "avg_win_pct": 66.95132123912614,
      "classification_rates": {
        "blunder": 0.0369581196974814,
        "inaccuracy": 0.009792658090530431,
        "mistake": 0.025107246476927327,
        "best": 0.15088775479018415,
        "ok": 0.6606970451771746
      }
    },
    "black": {
      "avg_delta_win_pct": -4.222546477612678,
      "avg_eval_delta_cp": -90.50153380279114,
      "avg_cp_loss": 136.27569487651883,
      "avg_win_pct": 19.94362925147617,
      "classification_rates": {
        "blunder": 0.044311145651371446,
        "inaccuracy": 0.022583360563594477,
        "mistake": 0.015087426871915548,
        "best": 0.13784289783152487,
        "ok": 0.6768418357482603
      }
    },
    "total": {
      "avg_delta_win_pct": -3.9062966539278654,
      "avg_eval_delta_cp": -88.36660194190439,
      "avg_cp_loss": 128.3249565267105,
      "avg_win_pct": 45.53969090792369,
      "classification_rates": {
        "blunder": 0.04051063132796397,
        "inaccuracy": 0.016099548366046743,
        "mistake": 0.020234155127772147,
        "best": 0.14456566907355808,
        "ok": 0.6683098553764594
      }
    }
  }
}