{
  "phase": "Opening",
  "grok-3-mini-beta": {
    "games_processed": 30,
    "avg_delta_win_pct": -10.724646636049698,
    "avg_eval_delta_cp": -186.82222222222222,
    "avg_cp_loss": 188.64973544973546,
    "avg_win_pct": 44.27218638282505,
    "classification_rates": {
      "blunder": 0.11626984126984126,
      "inaccuracy": 0.12883597883597883,
      "mistake": 0.05105820105820105,
      "best": 0.17447089947089947,
      "ok": 0.5191798941798942
    }
  }
}