{
  "phase": "Opening",
  "grok-3-mini-beta": {
    "games_processed": 30,
    "white": {
      "avg_delta_win_pct": -12.292295140717021,
      "avg_eval_delta_cp": -216.84006734006735,
      "avg_cp_loss": 217.36868686868686,
      "avg_win_pct": 24.122191131806908,
      "classification_rates": {
        "blunder": 0.12272727272727273,
        "inaccuracy": 0.16127946127946127,
        "mistake": 0.07037037037037037,
        "best": 0.08552188552188553,
        "ok": 0.5601010101010101
      }
    },
    "black": {
      "avg_delta_win_pct": -9.052253035157719,
      "avg_eval_delta_cp": -154.8462962962963,
      "avg_cp_loss": 158.08185185185187,
      "avg_win_pct": 66.2479933324861,
      "classification_rates": {
        "blunder": 0.11,
        "inaccuracy": 0.09333333333333334,
        "mistake": 0.030000000000000002,
        "best": 0.27111111111111114,
        "ok": 0.4751851851851852
      }
    },
    "total": {
      "avg_delta_win_pct": -10.724646636049698,
      "avg_eval_delta_cp": -186.82222222222222,
      "avg_cp_loss": 188.64973544973546,
      "avg_win_pct": 44.27218638282505,
      "classification_rates": {
        "blunder": 0.11626984126984126,
        "inaccuracy": 0.12883597883597883,
        "mistake": 0.05105820105820105,
        "best": 0.17447089947089947,
        "ok": 0.5191798941798942
      }
    }
  }
}