{
  "phase": "Overall",
  "grok-3-mini-beta": {
    "games_processed": 30,
    "avg_delta_win_pct": -5.274744943287315,
    "avg_eval_delta_cp": -112.98089581273734,
    "avg_cp_loss": 163.0293258090974,
    "avg_win_pct": 47.789636814050205,
    "classification_rates": {
      "blunder": 0.06300844058197985,
      "inaccuracy": 0.04260242095689033,
      "mistake": 0.020445667490881538,
      "best": 0.17405338886922828,
      "ok": 0.6811951643049318
    }
  }
}