{
  "phase": "Overall",
  "grok-3-mini-beta": {
    "games_processed": 30,
    "white": {
      "avg_delta_win_pct": -6.085201534667746,
      "avg_eval_delta_cp": -127.7752677774491,
      "avg_cp_loss": 174.13394491653386,
      "avg_win_pct": 10.634576639018888,
      "classification_rates": {
        "blunder": 0.07194522428493334,
        "inaccuracy": 0.05265450147473341,
        "mistake": 0.028675769068086034,
        "best": 0.1641529776500573,
        "ok": 0.6790090610074688
      }
    },
    "black": {
      "avg_delta_win_pct": -4.464318884866637,
      "avg_eval_delta_cp": -98.19049094165038,
      "avg_cp_loss": 151.90203661930227,
      "avg_win_pct": 85.08392230213019,
      "classification_rates": {
        "blunder": 0.05407012333109964,
        "inaccuracy": 0.032494496714708034,
        "mistake": 0.012210950080515297,
        "best": 0.1839412952060927,
        "ok": 0.6834855501747399
      }
    },
    "total": {
      "avg_delta_win_pct": -5.274744943287315,
      "avg_eval_delta_cp": -112.98089581273734,
      "avg_cp_loss": 163.0293258090974,
      "avg_win_pct": 47.789636814050205,
      "classification_rates": {
        "blunder": 0.06300844058197985,
        "inaccuracy": 0.04260242095689033,
        "mistake": 0.020445667490881538,
        "best": 0.17405338886922828,
        "ok": 0.6811951643049318
      }
    }
  }
}