{
  "phase": "Middlegame",
  "lvl-5_vs_o3-2025-04-16-low": {
    "games_processed": 30,
    "avg_delta_win_pct": -6.900358593835215,
    "avg_eval_delta_cp": -134.4946435675112,
    "avg_cp_loss": 147.88742292320305,
    "avg_win_pct": 48.25456146574365,
    "classification_rates": {
      "blunder": 0.07039568867891084,
      "inaccuracy": 0.0497663324578249,
      "mistake": 0.03712154794958357,
      "best": 0.31594430699719067,
      "ok": 0.5032166932210239
    }
  }
}