{
  "phase": "Opening",
  "lvl-5_vs_o3-2025-04-16-low": {
    "games_processed": 30,
    "white": {
      "avg_delta_win_pct": -8.965772132416426,
      "avg_eval_delta_cp": -132.27575757575758,
      "avg_cp_loss": 133.22121212121212,
      "avg_win_pct": 36.404513408357566,
      "classification_rates": {
        "blunder": 0.07878787878787878,
        "inaccuracy": 0.12121212121212122,
        "mistake": 0.048484848484848485,
        "best": 0.15757575757575756,
        "ok": 0.5939393939393939
      }
    },
    "black": {
      "avg_delta_win_pct": -7.3217432060157925,
      "avg_eval_delta_cp": -101.90666666666667,
      "avg_cp_loss": 105.21333333333334,
      "avg_win_pct": 55.41978763238053,
      "classification_rates": {
        "blunder": 0.07666666666666667,
        "inaccuracy": 0.08,
        "mistake": 0.04,
        "best": 0.31,
        "ok": 0.49333333333333335
      }
    },
    "total": {
      "avg_delta_win_pct": -8.18290121508279,
      "avg_eval_delta_cp": -117.81428571428572,
      "avg_cp_loss": 119.88412698412698,
      "avg_win_pct": 45.45940589598755,
      "classification_rates": {
        "blunder": 0.07777777777777778,
        "inaccuracy": 0.10158730158730159,
        "mistake": 0.04444444444444444,
        "best": 0.23015873015873015,
        "ok": 0.546031746031746
      }
    }
  }
}