{
  "phase": "Opening",
  "lvl-5_vs_o3-2025-04-16-low": {
    "games_processed": 30,
    "avg_delta_win_pct": -8.18290121508279,
    "avg_eval_delta_cp": -117.81428571428572,
    "avg_cp_loss": 119.88412698412698,
    "avg_win_pct": 45.45940589598755,
    "classification_rates": {
      "blunder": 0.07777777777777778,
      "inaccuracy": 0.10158730158730159,
      "mistake": 0.04444444444444444,
      "best": 0.23015873015873015,
      "ok": 0.546031746031746
    }
  }
}