{
  "phase": "Overall",
  "lvl-5_vs_o3-2025-04-16-low": {
    "games_processed": 30,
    "avg_delta_win_pct": -6.486526686587951,
    "avg_eval_delta_cp": -120.03955571015702,
    "avg_cp_loss": 140.5446750081757,
    "avg_win_pct": 46.95066799307397,
    "classification_rates": {
      "blunder": 0.07219224762571025,
      "inaccuracy": 0.05837524967913836,
      "mistake": 0.03222979171866985,
      "best": 0.2553151895191855,
      "ok": 0.5716287623993395
    }
  }
}