{
  "phase": "Opening",
  "lvl-2_vs_o4-mini-2025-04-16-high_timeout-20m": {
    "games_processed": 29,
    "white": {
      "avg_delta_win_pct": -8.817366525189728,
      "avg_eval_delta_cp": -134.81222570532915,
      "avg_cp_loss": 135.5150470219436,
      "avg_win_pct": 29.7716701863057,
      "classification_rates": {
        "blunder": 0.05956112852664577,
        "inaccuracy": 0.17230929989550678,
        "mistake": 0.047021943573667714,
        "best": 0.08495297805642633,
        "ok": 0.6361546499477534
      }
    },
    "black": {
      "avg_delta_win_pct": -5.892029810095993,
      "avg_eval_delta_cp": -83.93793103448276,
      "avg_cp_loss": 85.88275862068966,
      "avg_win_pct": 62.887599772944,
      "classification_rates": {
        "blunder": 0.055172413793103454,
        "inaccuracy": 0.08275862068965517,
        "mistake": 0.017241379310344827,
        "best": 0.2524904214559387,
        "ok": 0.5923371647509579
      }
    },
    "total": {
      "avg_delta_win_pct": -7.425836096793633,
      "avg_eval_delta_cp": -110.6028472435006,
      "avg_cp_loss": 111.89485469158791,
      "avg_win_pct": 45.52825057765248,
      "classification_rates": {
        "blunder": 0.05747126436781609,
        "inaccuracy": 0.12979156354836935,
        "mistake": 0.03284072249589491,
        "best": 0.16472215020309394,
        "ok": 0.6151742993848257
      }
    }
  }
}