{
  "phase": "Middlegame",
  "o4-mini": {
    "games_processed": 30,
    "avg_delta_win_pct": -3.121190842407967,
    "avg_eval_delta_cp": -70.73753212024437,
    "avg_cp_loss": 104.20023254785725,
    "avg_win_pct": 43.84100522677164,
    "classification_rates": {
      "blunder": 0.029389622793512954,
      "inaccuracy": 0.037278854673591516,
      "mistake": 0.014307143879512301,
      "best": 0.22557069499489407,
      "ok": 0.5987034339082394
    }
  }
}