{
  "phase": "Middlegame",
  "o4-mini": {
    "games_processed": 30,
    "white": {
      "avg_delta_win_pct": -3.9875707760056707,
      "avg_eval_delta_cp": -90.5568850989923,
      "avg_cp_loss": 121.85292088695913,
      "avg_win_pct": 12.519553643716819,
      "classification_rates": {
        "blunder": 0.04381136888820547,
        "inaccuracy": 0.032311170949101985,
        "mistake": 0.015341714479645514,
        "best": 0.2051272781580128,
        "ok": 0.6318596459762127
      }
    },
    "black": {
      "avg_delta_win_pct": -2.248043015159963,
      "avg_eval_delta_cp": -50.658755354938556,
      "avg_cp_loss": 86.52175371994349,
      "avg_win_pct": 75.74481095719712,
      "classification_rates": {
        "blunder": 0.014835733438674616,
        "inaccuracy": 0.042134476634476635,
        "mistake": 0.013375000997550016,
        "best": 0.24613242063180368,
        "ok": 0.5657679005430273
      }
    },
    "total": {
      "avg_delta_win_pct": -3.121190842407967,
      "avg_eval_delta_cp": -70.73753212024437,
      "avg_cp_loss": 104.20023254785725,
      "avg_win_pct": 43.84100522677164,
      "classification_rates": {
        "blunder": 0.029389622793512954,
        "inaccuracy": 0.037278854673591516,
        "mistake": 0.014307143879512301,
        "best": 0.22557069499489407,
        "ok": 0.5987034339082394
      }
    }
  }
}