{
  "phase": "Opening",
  "o4-mini": {
    "games_processed": 30,
    "white": {
      "avg_delta_win_pct": -9.182024673277134,
      "avg_eval_delta_cp": -158.463468013468,
      "avg_cp_loss": 160.65563973063973,
      "avg_win_pct": 65.07172195440467,
      "classification_rates": {
        "blunder": 0.11338383838383838,
        "inaccuracy": 0.10484006734006734,
        "mistake": 0.03333333333333333,
        "best": 0.3490740740740741,
        "ok": 0.3914983164983165
      }
    },
    "black": {
      "avg_delta_win_pct": -12.646650032621213,
      "avg_eval_delta_cp": -219.26619047619047,
      "avg_cp_loss": 219.9795238095238,
      "avg_win_pct": 23.690175900387214,
      "classification_rates": {
        "blunder": 0.12535714285714286,
        "inaccuracy": 0.20535714285714285,
        "mistake": 0.05666666666666667,
        "best": 0.09000000000000001,
        "ok": 0.5226190476190476
      }
    },
    "total": {
      "avg_delta_win_pct": -10.827858891625473,
      "avg_eval_delta_cp": -187.33447245564892,
      "avg_cp_loss": 188.82339869281046,
      "avg_win_pct": 45.389486302487754,
      "classification_rates": {
        "blunder": 0.11906629318394024,
        "inaccuracy": 0.15260504201680672,
        "mistake": 0.04444444444444444,
        "best": 0.22582633053221288,
        "ok": 0.453874883286648
      }
    }
  }
}