{
  "phase": "Opening",
  "o4-mini": {
    "games_processed": 30,
    "avg_delta_win_pct": -10.827858891625473,
    "avg_eval_delta_cp": -187.33447245564892,
    "avg_cp_loss": 188.82339869281046,
    "avg_win_pct": 45.389486302487754,
    "classification_rates": {
      "blunder": 0.11906629318394024,
      "inaccuracy": 0.15260504201680672,
      "mistake": 0.04444444444444444,
      "best": 0.22582633053221288,
      "ok": 0.453874883286648
    }
  }
}