{
  "phase": "Overall",
  "o4-mini": {
    "games_processed": 30,
    "white": {
      "avg_delta_win_pct": -4.831815505446829,
      "avg_eval_delta_cp": -86.64975318284645,
      "avg_cp_loss": 124.2355757025784,
      "avg_win_pct": 83.69288785703174,
      "classification_rates": {
        "blunder": 0.05783161588840293,
        "inaccuracy": 0.051633041745534,
        "mistake": 0.017515258735072977,
        "best": 0.24842355780831202,
        "ok": 0.5930700706658002
      }
    },
    "black": {
      "avg_delta_win_pct": -6.574557701214986,
      "avg_eval_delta_cp": -128.35609062379208,
      "avg_cp_loss": 153.85087964613658,
      "avg_win_pct": 10.43589811395512,
      "classification_rates": {
        "blunder": 0.06740838389329862,
        "inaccuracy": 0.08803194299411582,
        "mistake": 0.028803430810822216,
        "best": 0.1990039445527006,
        "ok": 0.614783813646958
      }
    },
    "total": {
      "avg_delta_win_pct": -5.672993317581673,
      "avg_eval_delta_cp": -106.89470994970141,
      "avg_cp_loss": 138.4384124851252,
      "avg_win_pct": 47.56941316145737,
      "classification_rates": {
        "blunder": 0.06245993837169026,
        "inaccuracy": 0.069156239709565,
        "mistake": 0.022997969998923406,
        "best": 0.22511759146927765,
        "ok": 0.602995022947998
      }
    }
  }
}