{
  "phase": "Overall",
  "o4-mini": {
    "games_processed": 30,
    "avg_delta_win_pct": -5.672993317581673,
    "avg_eval_delta_cp": -106.89470994970141,
    "avg_cp_loss": 138.4384124851252,
    "avg_win_pct": 47.56941316145737,
    "classification_rates": {
      "blunder": 0.06245993837169026,
      "inaccuracy": 0.069156239709565,
      "mistake": 0.022997969998923406,
      "best": 0.22511759146927765,
      "ok": 0.602995022947998
    }
  }
}