{
  "phase": "Middlegame",
  "lvl-4_vs_o3-2025-04-16-low": {
    "games_processed": 30,
    "avg_delta_win_pct": -5.580526340922431,
    "avg_eval_delta_cp": -120.54572731562533,
    "avg_cp_loss": 135.36808820703533,
    "avg_win_pct": 47.56195449005066,
    "classification_rates": {
      "blunder": 0.05747367886550335,
      "inaccuracy": 0.06437254338971364,
      "mistake": 0.012776295294796682,
      "best": 0.3111121423646417,
      "ok": 0.540897458363503
    }
  }
}