{
  "phase": "Middlegame",
  "lvl-4_vs_o3-2025-04-16-low": {
    "games_processed": 30,
    "white": {
      "avg_delta_win_pct": -5.810574766711448,
      "avg_eval_delta_cp": -120.07270786100513,
      "avg_cp_loss": 139.77061904973428,
      "avg_win_pct": 59.593847468242316,
      "classification_rates": {
        "blunder": 0.06397778722583963,
        "inaccuracy": 0.06366208492153197,
        "mistake": 0.016831213806236933,
        "best": 0.3237206074722508,
        "ok": 0.5160050990604068
      }
    },
    "black": {
      "avg_delta_win_pct": -5.332275432879606,
      "avg_eval_delta_cp": -121.17106343628632,
      "avg_cp_loss": 130.79560386934128,
      "avg_win_pct": 34.92069186781768,
      "classification_rates": {
        "blunder": 0.049754106237138516,
        "inaccuracy": 0.06616748017719662,
        "mistake": 0.00867478594729191,
        "best": 0.2958372119668711,
        "ok": 0.5693744371926561
      }
    },
    "total": {
      "avg_delta_win_pct": -5.580526340922431,
      "avg_eval_delta_cp": -120.54572731562533,
      "avg_cp_loss": 135.36808820703533,
      "avg_win_pct": 47.56195449005066,
      "classification_rates": {
        "blunder": 0.05747367886550335,
        "inaccuracy": 0.06437254338971364,
        "mistake": 0.012776295294796682,
        "best": 0.3111121423646417,
        "ok": 0.540897458363503
      }
    }
  }
}