{
  "phase": "Opening",
  "lvl-4_vs_o3-2025-04-16-low": {
    "games_processed": 30,
    "avg_delta_win_pct": -6.934303302449764,
    "avg_eval_delta_cp": -105.98253968253968,
    "avg_cp_loss": 108.36349206349206,
    "avg_win_pct": 45.9673409777875,
    "classification_rates": {
      "blunder": 0.073015873015873,
      "inaccuracy": 0.08095238095238094,
      "mistake": 0.03492063492063492,
      "best": 0.23492063492063492,
      "ok": 0.5761904761904761
    }
  }
}