{
  "phase": "Opening",
  "lvl-4_vs_o3-2025-04-16-low": {
    "games_processed": 30,
    "white": {
      "avg_delta_win_pct": -7.937994316769183,
      "avg_eval_delta_cp": -122.81515151515151,
      "avg_cp_loss": 124.44545454545455,
      "avg_win_pct": 33.7760073033904,
      "classification_rates": {
        "blunder": 0.08484848484848485,
        "inaccuracy": 0.1,
        "mistake": 0.030303030303030304,
        "best": 0.17575757575757575,
        "ok": 0.6090909090909091
      }
    },
    "black": {
      "avg_delta_win_pct": -5.830243186698403,
      "avg_eval_delta_cp": -87.46666666666667,
      "avg_cp_loss": 90.67333333333333,
      "avg_win_pct": 59.377808019624304,
      "classification_rates": {
        "blunder": 0.060000000000000005,
        "inaccuracy": 0.060000000000000005,
        "mistake": 0.04,
        "best": 0.3,
        "ok": 0.54
      }
    },
    "total": {
      "avg_delta_win_pct": -6.934303302449764,
      "avg_eval_delta_cp": -105.98253968253968,
      "avg_cp_loss": 108.36349206349206,
      "avg_win_pct": 45.9673409777875,
      "classification_rates": {
        "blunder": 0.073015873015873,
        "inaccuracy": 0.08095238095238094,
        "mistake": 0.03492063492063492,
        "best": 0.23492063492063492,
        "ok": 0.5761904761904761
      }
    }
  }
}