{
  "phase": "Overall",
  "lvl-4_vs_o3-2025-04-16-low": {
    "games_processed": 30,
    "avg_delta_win_pct": -4.444061882993931,
    "avg_eval_delta_cp": -94.8314684649729,
    "avg_cp_loss": 135.60220173681319,
    "avg_win_pct": 47.96668065531312,
    "classification_rates": {
      "blunder": 0.04893474736406736,
      "inaccuracy": 0.04472693011889779,
      "mistake": 0.012640130971159794,
      "best": 0.2648976658423718,
      "ok": 0.6182343160142517
    }
  }
}