{
  "phase": "Overall",
  "lvl-4_vs_o3-2025-04-16-low": {
    "games_processed": 30,
    "white": {
      "avg_delta_win_pct": -4.727923507500582,
      "avg_eval_delta_cp": -95.58983847233701,
      "avg_cp_loss": 146.68171421223178,
      "avg_win_pct": 32.243448581232144,
      "classification_rates": {
        "blunder": 0.053004870582878616,
        "inaccuracy": 0.053741585166487464,
        "mistake": 0.009072135243994878,
        "best": 0.25574881340509825,
        "ok": 0.6226244085615625
      }
    },
    "black": {
      "avg_delta_win_pct": -4.161860081426328,
      "avg_eval_delta_cp": -94.15675343843645,
      "avg_cp_loss": 124.46665510142047,
      "avg_win_pct": 63.76901476109884,
      "classification_rates": {
        "blunder": 0.044878710092635665,
        "inaccuracy": 0.035690290183584744,
        "mistake": 0.016213469527515807,
        "best": 0.2740900718880743,
        "ok": 0.6138706441368207
      }
    },
    "total": {
      "avg_delta_win_pct": -4.444061882993931,
      "avg_eval_delta_cp": -94.8314684649729,
      "avg_cp_loss": 135.60220173681319,
      "avg_win_pct": 47.96668065531312,
      "classification_rates": {
        "blunder": 0.04893474736406736,
        "inaccuracy": 0.04472693011889779,
        "mistake": 0.012640130971159794,
        "best": 0.2648976658423718,
        "ok": 0.6182343160142517
      }
    }
  }
}