{
  "phase": "Middlegame",
  "lvl-1_vs_o3-2025-04-16-low": {
    "games_processed": 30,
    "avg_delta_win_pct": -5.311649975186932,
    "avg_eval_delta_cp": -103.06799006519611,
    "avg_cp_loss": 119.83060385469736,
    "avg_win_pct": 45.71756975823074,
    "classification_rates": {
      "blunder": 0.07267129134024386,
      "inaccuracy": 0.042167692611797175,
      "mistake": 0.012260733801717409,
      "best": 0.29491225054094816,
      "ok": 0.5092653636500941
    }
  }
}