{
  "phase": "Opening",
  "lvl-1_vs_o3-2025-04-16-low": {
    "games_processed": 30,
    "white": {
      "avg_delta_win_pct": -9.601084905518714,
      "avg_eval_delta_cp": -141.4769696969697,
      "avg_cp_loss": 142.93757575757576,
      "avg_win_pct": 34.077610346317826,
      "classification_rates": {
        "blunder": 0.1,
        "inaccuracy": 0.1396969696969697,
        "mistake": 0.030606060606060605,
        "best": 0.15484848484848485,
        "ok": 0.5748484848484848
      }
    },
    "black": {
      "avg_delta_win_pct": -7.522569413393424,
      "avg_eval_delta_cp": -106.30666666666667,
      "avg_cp_loss": 108.94666666666666,
      "avg_win_pct": 57.40968874276949,
      "classification_rates": {
        "blunder": 0.09333333333333334,
        "inaccuracy": 0.04666666666666667,
        "mistake": 0.03666666666666667,
        "best": 0.32,
        "ok": 0.5
      }
    },
    "total": {
      "avg_delta_win_pct": -8.607076511199306,
      "avg_eval_delta_cp": -124.64587301587301,
      "avg_cp_loss": 126.67555555555556,
      "avg_win_pct": 45.23293031668645,
      "classification_rates": {
        "blunder": 0.09682539682539681,
        "inaccuracy": 0.09531746031746031,
        "mistake": 0.03341269841269841,
        "best": 0.23365079365079364,
        "ok": 0.5391269841269841
      }
    }
  }
}