{
  "phase": "Opening",
  "lvl-1_vs_o3-2025-04-16-low": {
    "games_processed": 30,
    "avg_delta_win_pct": -8.607076511199306,
    "avg_eval_delta_cp": -124.64587301587301,
    "avg_cp_loss": 126.67555555555556,
    "avg_win_pct": 45.23293031668645,
    "classification_rates": {
      "blunder": 0.09682539682539681,
      "inaccuracy": 0.09531746031746031,
      "mistake": 0.03341269841269841,
      "best": 0.23365079365079364,
      "ok": 0.5391269841269841
    }
  }
}