{
  "phase": "Overall",
  "lvl-1_vs_o3-2025-04-16-low": {
    "games_processed": 30,
    "white": {
      "avg_delta_win_pct": -5.917784180885041,
      "avg_eval_delta_cp": -100.76177010457663,
      "avg_cp_loss": 118.96726780953881,
      "avg_win_pct": 19.432087381772593,
      "classification_rates": {
        "blunder": 0.06866534433129431,
        "inaccuracy": 0.07377765740901068,
        "mistake": 0.019110477581493972,
        "best": 0.23756833959795617,
        "ok": 0.5964239719116574
      }
    },
    "black": {
      "avg_delta_win_pct": -4.956662215359754,
      "avg_eval_delta_cp": -87.9120157211371,
      "avg_cp_loss": 110.63212018477851,
      "avg_win_pct": 75.74074205396157,
      "classification_rates": {
        "blunder": 0.05712916401832154,
        "inaccuracy": 0.03923224501120576,
        "mistake": 0.02466034929297036,
        "best": 0.27095654175902845,
        "ok": 0.586038833403306
      }
    },
    "total": {
      "avg_delta_win_pct": -5.436678208723646,
      "avg_eval_delta_cp": -94.33087213839404,
      "avg_cp_loss": 114.81477369108214,
      "avg_win_pct": 47.54765079490654,
      "classification_rates": {
        "blunder": 0.06289040802173383,
        "inaccuracy": 0.05663051209967095,
        "mistake": 0.0218823019774692,
        "best": 0.25425283255976316,
        "ok": 0.5910595562042106
      }
    }
  }
}