{
  "phase": "Overall",
  "lvl-1_vs_o3-2025-04-16-low": {
    "games_processed": 30,
    "avg_delta_win_pct": -5.436678208723646,
    "avg_eval_delta_cp": -94.33087213839404,
    "avg_cp_loss": 114.81477369108214,
    "avg_win_pct": 47.54765079490654,
    "classification_rates": {
      "blunder": 0.06289040802173383,
      "inaccuracy": 0.05663051209967095,
      "mistake": 0.0218823019774692,
      "best": 0.25425283255976316,
      "ok": 0.5910595562042106
    }
  }
}