{
  "phase": "Overall",
  "o4-mini": {
    "games_processed": 30,
    "white": {
      "avg_delta_win_pct": -3.4354590818400075,
      "avg_eval_delta_cp": -72.8372765959073,
      "avg_cp_loss": 106.09306620898613,
      "avg_win_pct": 7.810368913063662,
      "classification_rates": {
        "blunder": 0.035543181754820644,
        "inaccuracy": 0.0390060318835454,
        "mistake": 0.014367677979224804,
        "best": 0.20987410167955484,
        "ok": 0.6993090328655012
      }
    },
    "black": {
      "avg_delta_win_pct": -2.521841647080999,
      "avg_eval_delta_cp": -54.56133077705776,
      "avg_cp_loss": 90.34218982413576,
      "avg_win_pct": 89.77152249901621,
      "classification_rates": {
        "blunder": 0.024946291622190846,
        "inaccuracy": 0.021767045955547487,
        "mistake": 0.011921388052569827,
        "best": 0.20681210697989819,
        "ok": 0.7152421435909612
      }
    },
    "total": {
      "avg_delta_win_pct": -2.978673679259857,
      "avg_eval_delta_cp": -63.704773675594446,
      "avg_cp_loss": 98.24008774641169,
      "avg_win_pct": 48.75332681317952,
      "classification_rates": {
        "blunder": 0.030259256413023024,
        "inaccuracy": 0.03039741754731005,
        "mistake": 0.013138229299887378,
        "best": 0.2083388739264293,
        "ok": 0.7072500450717931
      }
    }
  }
}