{
  "phase": "Middlegame",
  "claude-3-5-haiku-20241022": {
    "games_processed": 30,
    "white": {
      "avg_delta_win_pct": -22.45374008631458,
      "avg_eval_delta_cp": -405.49807470668617,
      "avg_cp_loss": 423.1074934623112,
      "avg_win_pct": 36.132317127225924,
      "classification_rates": {
        "blunder": 0.28001079679540875,
        "inaccuracy": 0.13334391439310447,
        "mistake": 0.07448781870540283,
        "best": 0.05356616896344163,
        "ok": 0.42664599403429176
      }
    },
    "black": {
      "avg_delta_win_pct": -22.984667807527348,
      "avg_eval_delta_cp": -413.2686484051874,
      "avg_cp_loss": 424.56451361770075,
      "avg_win_pct": 41.44505898226822,
      "classification_rates": {
        "blunder": 0.28666066212151753,
        "inaccuracy": 0.1455607201819219,
        "mistake": 0.06827927113304522,
        "best": 0.03732214786559975,
        "ok": 0.4621771986979156
      }
    },
    "total": {
      "avg_delta_win_pct": -22.686580623344838,
      "avg_eval_delta_cp": -408.95476480632016,
      "avg_cp_loss": 423.80450925392637,
      "avg_win_pct": 38.62686452583783,
      "classification_rates": {
        "blunder": 0.2831548845725543,
        "inaccuracy": 0.13937137064097121,
        "mistake": 0.07138099055737829,
        "best": 0.04563296201112072,
        "ok": 0.44129760726288053
      }
    }
  }
}