{
  "phase": "Opening",
  "claude-3-5-haiku-20241022": {
    "games_processed": 30,
    "white": {
      "avg_delta_win_pct": -21.405203867287998,
      "avg_eval_delta_cp": -279.2909090909091,
      "avg_cp_loss": 279.8969696969697,
      "avg_win_pct": 44.76813405817089,
      "classification_rates": {
        "blunder": 0.31212121212121213,
        "inaccuracy": 0.18181818181818182,
        "mistake": 0.08181818181818182,
        "best": 0.05454545454545454,
        "ok": 0.3696969696969697
      }
    },
    "black": {
      "avg_delta_win_pct": -23.408271397972925,
      "avg_eval_delta_cp": -305.2133333333333,
      "avg_cp_loss": 305.56666666666666,
      "avg_win_pct": 32.53993874645935,
      "classification_rates": {
        "blunder": 0.37666666666666665,
        "inaccuracy": 0.12666666666666668,
        "mistake": 0.08333333333333334,
        "best": 0.04,
        "ok": 0.37333333333333335
      }
    },
    "total": {
      "avg_delta_win_pct": -22.359045548566534,
      "avg_eval_delta_cp": -291.63492063492066,
      "avg_cp_loss": 292.1206349206349,
      "avg_win_pct": 38.94518390973682,
      "classification_rates": {
        "blunder": 0.34285714285714286,
        "inaccuracy": 0.15555555555555556,
        "mistake": 0.08253968253968254,
        "best": 0.047619047619047616,
        "ok": 0.37142857142857144
      }
    }
  }
}