{
  "phase": "Opening",
  "grok-3-mini-beta": {
    "games_processed": 30,
    "white": {
      "avg_delta_win_pct": -15.764493254337788,
      "avg_eval_delta_cp": -244.5787878787879,
      "avg_cp_loss": 245.15454545454546,
      "avg_win_pct": 25.595870508151354,
      "classification_rates": {
        "blunder": 0.19393939393939394,
        "inaccuracy": 0.16363636363636364,
        "mistake": 0.0696969696969697,
        "best": 0.045454545454545456,
        "ok": 0.5272727272727272
      }
    },
    "black": {
      "avg_delta_win_pct": -13.712459425053522,
      "avg_eval_delta_cp": -206.66666666666666,
      "avg_cp_loss": 208.06,
      "avg_win_pct": 59.804003475338426,
      "classification_rates": {
        "blunder": 0.19333333333333333,
        "inaccuracy": 0.11666666666666667,
        "mistake": 0.05666666666666667,
        "best": 0.15333333333333335,
        "ok": 0.48
      }
    },
    "total": {
      "avg_delta_win_pct": -14.787334288011946,
      "avg_eval_delta_cp": -226.52539682539683,
      "avg_cp_loss": 227.4904761904762,
      "avg_win_pct": 41.88545763538329,
      "classification_rates": {
        "blunder": 0.19365079365079363,
        "inaccuracy": 0.14126984126984127,
        "mistake": 0.06349206349206349,
        "best": 0.09682539682539681,
        "ok": 0.5047619047619047
      }
    }
  }
}