{
  "phase": "Middlegame",
  "lvl-10_vs_o3-2025-04-16-low": {
    "games_processed": 30,
    "white": {
      "avg_delta_win_pct": -2.662659335627958,
      "avg_eval_delta_cp": -61.07374052146111,
      "avg_cp_loss": 77.80225765037198,
      "avg_win_pct": 19.538447713638483,
      "classification_rates": {
        "blunder": 0.016051587301587303,
        "inaccuracy": 0.029074074074074075,
        "mistake": 0.011243386243386243,
        "best": 0.35382476613975666,
        "ok": 0.5516938803869544
      }
    },
    "black": {
      "avg_delta_win_pct": -1.092785053174784,
      "avg_eval_delta_cp": -22.45455953088306,
      "avg_cp_loss": 41.56698037800979,
      "avg_win_pct": 76.98128681008208,
      "classification_rates": {
        "blunder": 0.0047619047619047615,
        "inaccuracy": 0.013333333333333334,
        "mistake": 0.0,
        "best": 0.46072284469343294,
        "ok": 0.4393840718105424
      }
    },
    "total": {
      "avg_delta_win_pct": -1.8852398138309712,
      "avg_eval_delta_cp": -41.94981841970933,
      "avg_cp_loss": 59.84208922958983,
      "avg_win_pct": 47.92538676797187,
      "classification_rates": {
        "blunder": 0.010406746031746033,
        "inaccuracy": 0.021312636165577343,
        "mistake": 0.00573062558356676,
        "best": 0.406310172603567,
        "ok": 0.4961669978473257
      }
    }
  }
}