{
  "phase": "Middlegame",
  "lvl-10_vs_o3-2025-04-16-low": {
    "games_processed": 30,
    "avg_delta_win_pct": -1.8852398138309712,
    "avg_eval_delta_cp": -41.94981841970933,
    "avg_cp_loss": 59.84208922958983,
    "avg_win_pct": 47.92538676797187,
    "classification_rates": {
      "blunder": 0.010406746031746033,
      "inaccuracy": 0.021312636165577343,
      "mistake": 0.00573062558356676,
      "best": 0.406310172603567,
      "ok": 0.4961669978473257
    }
  }
}