{
  "phase": "Opening",
  "lvl-10_vs_o3-2025-04-16-low": {
    "games_processed": 30,
    "white": {
      "avg_delta_win_pct": -3.9273473426736554,
      "avg_eval_delta_cp": -52.85151515151515,
      "avg_cp_loss": 56.59090909090909,
      "avg_win_pct": 52.42884292450979,
      "classification_rates": {
        "blunder": 0.006060606060606061,
        "inaccuracy": 0.07575757575757576,
        "mistake": 0.01818181818181818,
        "best": 0.31212121212121213,
        "ok": 0.5848484848484848
      }
    },
    "black": {
      "avg_delta_win_pct": -5.860175259747479,
      "avg_eval_delta_cp": -84.29,
      "avg_cp_loss": 90.51,
      "avg_win_pct": 43.389783500812264,
      "classification_rates": {
        "blunder": 0.05333333333333334,
        "inaccuracy": 0.07333333333333333,
        "mistake": 0.02666666666666667,
        "best": 0.31,
        "ok": 0.5366666666666666
      }
    },
    "total": {
      "avg_delta_win_pct": -4.847741588899286,
      "avg_eval_delta_cp": -67.82222222222222,
      "avg_cp_loss": 72.74285714285715,
      "avg_win_pct": 48.124528913225255,
      "classification_rates": {
        "blunder": 0.02857142857142857,
        "inaccuracy": 0.0746031746031746,
        "mistake": 0.02222222222222222,
        "best": 0.3111111111111111,
        "ok": 0.5619047619047619
      }
    }
  }
}