{
  "phase": "Opening",
  "lvl-10_vs_o3-2025-04-16-low": {
    "games_processed": 30,
    "avg_delta_win_pct": -4.847741588899286,
    "avg_eval_delta_cp": -67.82222222222222,
    "avg_cp_loss": 72.74285714285715,
    "avg_win_pct": 48.124528913225255,
    "classification_rates": {
      "blunder": 0.02857142857142857,
      "inaccuracy": 0.0746031746031746,
      "mistake": 0.02222222222222222,
      "best": 0.3111111111111111,
      "ok": 0.5619047619047619
    }
  }
}