{
  "phase": "Overall",
  "lvl-10_vs_o3-2025-04-16-low": {
    "games_processed": 30,
    "avg_delta_win_pct": -2.7466872984666275,
    "avg_eval_delta_cp": -46.97561640656697,
    "avg_cp_loss": 62.89413275920842,
    "avg_win_pct": 49.104419474798235,
    "classification_rates": {
      "blunder": 0.01795436280772826,
      "inaccuracy": 0.03706112247089582,
      "mistake": 0.009824818055816002,
      "best": 0.35866936504137326,
      "ok": 0.5575499828276627
    }
  }
}