{
  "phase": "Middlegame",
  "lvl-4_vs_grok-3-mini-beta-high": {
    "games_processed": 7,
    "white": {
      "avg_delta_win_pct": -3.357570478904887,
      "avg_eval_delta_cp": -81.83468230998187,
      "avg_cp_loss": 110.86493061347693,
      "avg_win_pct": 39.193226465908644,
      "classification_rates": {
        "blunder": 0.030235556076409233,
        "inaccuracy": 0.03696547212309547,
        "mistake": 0.006211180124223602,
        "best": 0.17698561225639695,
        "ok": 0.7496021794198747
      }
    },
    "black": {
      "avg_delta_win_pct": -3.5617445219749504,
      "avg_eval_delta_cp": -94.69471118887759,
      "avg_cp_loss": 119.89439336248716,
      "avg_win_pct": 57.33591785990851,
      "classification_rates": {
        "blunder": 0.03461993493049394,
        "inaccuracy": 0.04922011462501325,
        "mistake": 0.008906597913981015,
        "best": 0.14826466859126153,
        "ok": 0.7463226875290286
      }
    },
    "total": {
      "avg_delta_win_pct": -3.4449707019615956,
      "avg_eval_delta_cp": -87.90779198752497,
      "avg_cp_loss": 115.03330667662674,
      "avg_win_pct": 48.03769894492096,
      "classification_rates": {
        "blunder": 0.03218965026535635,
        "inaccuracy": 0.0428363831176441,
        "mistake": 0.007558889019102308,
        "best": 0.16348594628463511,
        "ok": 0.7475961331081513
      }
    }
  }
}