{
  "phase": "Overall",
  "lvl-4_vs_grok-3-mini-beta-high": {
    "games_processed": 7,
    "white": {
      "avg_delta_win_pct": -4.7079403708978225,
      "avg_eval_delta_cp": -97.23904799101636,
      "avg_cp_loss": 115.89735793926181,
      "avg_win_pct": 44.42497336746609,
      "classification_rates": {
        "blunder": 0.05201424894811153,
        "inaccuracy": 0.034381331299643145,
        "mistake": 0.02224264705882353,
        "best": 0.18106806470141873,
        "ok": 0.7009444325675476
      }
    },
    "black": {
      "avg_delta_win_pct": -5.063957199413554,
      "avg_eval_delta_cp": -86.49181650867071,
      "avg_cp_loss": 137.2940616466595,
      "avg_win_pct": 50.828657560113506,
      "classification_rates": {
        "blunder": 0.06529119825597321,
        "inaccuracy": 0.03192114039472161,
        "mistake": 0.01378272521129664,
        "best": 0.16781301976996693,
        "ok": 0.719234969205615
      }
    },
    "total": {
      "avg_delta_win_pct": -4.8831444779299,
      "avg_eval_delta_cp": -91.82372686833355,
      "avg_cp_loss": 126.54766064758961,
      "avg_win_pct": 47.69131514439193,
      "classification_rates": {
        "blunder": 0.05860620727290556,
        "inaccuracy": 0.03320298019893291,
        "mistake": 0.018028222218491347,
        "best": 0.17434761383326938,
        "ok": 0.710106693290491
      }
    }
  }
}