{
  "phase": "Middlegame",
  "lvl-2_vs_o3-2025-04-16-low": {
    "games_processed": 30,
    "avg_delta_win_pct": -4.319583396027517,
    "avg_eval_delta_cp": -97.12905964660187,
    "avg_cp_loss": 115.41337447902582,
    "avg_win_pct": 48.455234672804025,
    "classification_rates": {
      "blunder": 0.04550333668292282,
      "inaccuracy": 0.0392051153337742,
      "mistake": 0.011805026806432355,
      "best": 0.33770280653326856,
      "ok": 0.5455484093253529
    }
  }
}