{
  "phase": "Opening",
  "lvl-2_vs_o3-2025-04-16-low": {
    "games_processed": 30,
    "avg_delta_win_pct": -8.418507470683592,
    "avg_eval_delta_cp": -127.58730158730158,
    "avg_cp_loss": 129.88888888888889,
    "avg_win_pct": 45.00503859459894,
    "classification_rates": {
      "blunder": 0.09206349206349206,
      "inaccuracy": 0.10317460317460317,
      "mistake": 0.023809523809523808,
      "best": 0.1984126984126984,
      "ok": 0.5825396825396826
    }
  }
}