{
  "phase": "Overall",
  "lvl-2_vs_o3-2025-04-16-low": {
    "games_processed": 30,
    "white": {
      "avg_delta_win_pct": -4.787228849546435,
      "avg_eval_delta_cp": -91.65627815018806,
      "avg_cp_loss": 123.20402916232712,
      "avg_win_pct": 17.760162779832047,
      "classification_rates": {
        "blunder": 0.048451028981313524,
        "inaccuracy": 0.05125568969704665,
        "mistake": 0.014793513529530254,
        "best": 0.25618068792094656,
        "ok": 0.6229060956094923
      }
    },
    "black": {
      "avg_delta_win_pct": -4.114159081474203,
      "avg_eval_delta_cp": -81.98385440366322,
      "avg_cp_loss": 113.87157129602308,
      "avg_win_pct": 78.44091317355613,
      "classification_rates": {
        "blunder": 0.04845187745343513,
        "inaccuracy": 0.04599838765957301,
        "mistake": 0.008390368744279874,
        "best": 0.26702651918393083,
        "ok": 0.6132530124419616
      }
    },
    "total": {
      "avg_delta_win_pct": -4.447467027945592,
      "avg_eval_delta_cp": -86.74400322898315,
      "avg_cp_loss": 118.46855926482233,
      "avg_win_pct": 48.06679489556037,
      "classification_rates": {
        "blunder": 0.048387746789472635,
        "inaccuracy": 0.048544317356201364,
        "mistake": 0.011650432726657067,
        "best": 0.26173712160555307,
        "ok": 0.6179700988262872
      }
    }
  }
}