{
  "phase": "Overall",
  "lvl-2_vs_o3-2025-04-16-low": {
    "games_processed": 30,
    "avg_delta_win_pct": -4.447467027945592,
    "avg_eval_delta_cp": -86.74400322898315,
    "avg_cp_loss": 118.46855926482233,
    "avg_win_pct": 48.06679489556037,
    "classification_rates": {
      "blunder": 0.048387746789472635,
      "inaccuracy": 0.048544317356201364,
      "mistake": 0.011650432726657067,
      "best": 0.26173712160555307,
      "ok": 0.6179700988262872
    }
  }
}