{
  "phase": "Middlegame",
  "grok-3-mini-beta": {
    "games_processed": 30,
    "white": {
      "avg_delta_win_pct": -10.318666438922692,
      "avg_eval_delta_cp": -227.81325436759676,
      "avg_cp_loss": 251.58279063001854,
      "avg_win_pct": 13.923010442953567,
      "classification_rates": {
        "blunder": 0.12176761693004631,
        "inaccuracy": 0.046674959027900205,
        "mistake": 0.007111992945326278,
        "best": 0.14190428058764715,
        "ok": 0.6479257658936954
      }
    },
    "black": {
      "avg_delta_win_pct": -7.771920990684356,
      "avg_eval_delta_cp": -179.36894580562435,
      "avg_cp_loss": 201.7486040553258,
      "avg_win_pct": 73.14698359539828,
      "classification_rates": {
        "blunder": 0.09134664768409738,
        "inaccuracy": 0.03087561778893048,
        "mistake": 0.011525493004325956,
        "best": 0.12410551448519848,
        "ok": 0.6409840286247492
      }
    },
    "total": {
      "avg_delta_win_pct": -9.046888658627832,
      "avg_eval_delta_cp": -203.5774292242361,
      "avg_cp_loss": 226.6596247634153,
      "avg_win_pct": 43.3273194871996,
      "classification_rates": {
        "blunder": 0.10657935173213852,
        "inaccuracy": 0.03858999683927414,
        "mistake": 0.009341836147819395,
        "best": 0.1332739555024954,
        "ok": 0.6443132491340149
      }
    }
  }
}