{
  "phase": "Middlegame",
  "grok-3-mini-beta": {
    "games_processed": 30,
    "avg_delta_win_pct": -9.046888658627832,
    "avg_eval_delta_cp": -203.5774292242361,
    "avg_cp_loss": 226.6596247634153,
    "avg_win_pct": 43.3273194871996,
    "classification_rates": {
      "blunder": 0.10657935173213852,
      "inaccuracy": 0.03858999683927414,
      "mistake": 0.009341836147819395,
      "best": 0.1332739555024954,
      "ok": 0.6443132491340149
    }
  }
}