{
  "phase": "Opening",
  "grok-3-mini-beta": {
    "games_processed": 30,
    "white": {
      "avg_delta_win_pct": -10.617702015501488,
      "avg_eval_delta_cp": -176.36233766233767,
      "avg_cp_loss": 180.2047619047619,
      "avg_win_pct": 64.05933958029014,
      "classification_rates": {
        "blunder": 0.12467532467532468,
        "inaccuracy": 0.09567099567099567,
        "mistake": 0.0696969696969697,
        "best": 0.2502164502164502,
        "ok": 0.454978354978355
      }
    },
    "black": {
      "avg_delta_win_pct": -14.275803899498603,
      "avg_eval_delta_cp": -245.45555555555555,
      "avg_cp_loss": 247.11555555555555,
      "avg_win_pct": 23.190395696026602,
      "classification_rates": {
        "blunder": 0.15,
        "inaccuracy": 0.15555555555555556,
        "mistake": 0.09666666666666666,
        "best": 0.06666666666666667,
        "ok": 0.5311111111111111
      }
    },
    "total": {
      "avg_delta_win_pct": -12.355311451979146,
      "avg_eval_delta_cp": -209.16617826617826,
      "avg_cp_loss": 211.96935286935286,
      "avg_win_pct": 44.618266809685394,
      "classification_rates": {
        "blunder": 0.13663003663003662,
        "inaccuracy": 0.12417582417582416,
        "mistake": 0.08253968253968254,
        "best": 0.16288156288156289,
        "ok": 0.4912087912087912
      }
    }
  }
}