{
  "phase": "Opening",
  "grok-3-mini-beta": {
    "games_processed": 30,
    "avg_delta_win_pct": -12.355311451979146,
    "avg_eval_delta_cp": -209.16617826617826,
    "avg_cp_loss": 211.96935286935286,
    "avg_win_pct": 44.618266809685394,
    "classification_rates": {
      "blunder": 0.13663003663003662,
      "inaccuracy": 0.12417582417582416,
      "mistake": 0.08253968253968254,
      "best": 0.16288156288156289,
      "ok": 0.4912087912087912
    }
  }
}