{
  "phase": "Overall",
  "grok-3-mini-beta": {
    "games_processed": 30,
    "avg_delta_win_pct": -9.276704412107078,
    "avg_eval_delta_cp": -176.1565970319132,
    "avg_cp_loss": 203.5615969899682,
    "avg_win_pct": 45.68222988667774,
    "classification_rates": {
      "blunder": 0.12361264011603482,
      "inaccuracy": 0.06105647442191638,
      "mistake": 0.024108229925992302,
      "best": 0.14350804573052048,
      "ok": 0.6323788684334591
    }
  }
}