{
  "phase": "Overall",
  "grok-3-mini-beta": {
    "games_processed": 30,
    "white": {
      "avg_delta_win_pct": -8.608662232739464,
      "avg_eval_delta_cp": -162.14539722483354,
      "avg_cp_loss": 191.89578568453507,
      "avg_win_pct": 76.08143197269416,
      "classification_rates": {
        "blunder": 0.11795322283121841,
        "inaccuracy": 0.05223259531726398,
        "mistake": 0.01870374423737991,
        "best": 0.14874336830245158,
        "ok": 0.6348825855455236
      }
    },
    "black": {
      "avg_delta_win_pct": -10.000328260517254,
      "avg_eval_delta_cp": -191.30330982731567,
      "avg_cp_loss": 216.37246274428793,
      "avg_win_pct": 14.542128097473324,
      "classification_rates": {
        "blunder": 0.13000639442140524,
        "inaccuracy": 0.07036896955660493,
        "mistake": 0.029766268767218742,
        "best": 0.13730802690482397,
        "ok": 0.6302941870497819
      }
    },
    "total": {
      "avg_delta_win_pct": -9.276704412107078,
      "avg_eval_delta_cp": -176.1565970319132,
      "avg_cp_loss": 203.5615969899682,
      "avg_win_pct": 45.68222988667774,
      "classification_rates": {
        "blunder": 0.12361264011603482,
        "inaccuracy": 0.06105647442191638,
        "mistake": 0.024108229925992302,
        "best": 0.14350804573052048,
        "ok": 0.6323788684334591
      }
    }
  }
}