{
  "phase": "Middlegame",
  "lvl-1_vs_o3-mini-2025-01-31-low": {
    "games_processed": 30,
    "white": {
      "avg_delta_win_pct": -11.761079001881892,
      "avg_eval_delta_cp": -226.16332575825692,
      "avg_cp_loss": 234.01874503564227,
      "avg_win_pct": 18.585318831425532,
      "classification_rates": {
        "blunder": 0.1313861184898171,
        "inaccuracy": 0.12674452927159988,
        "mistake": 0.06148448086306115,
        "best": 0.07444389464675101,
        "ok": 0.5726076433954376
      }
    },
    "black": {
      "avg_delta_win_pct": -11.017058472009932,
      "avg_eval_delta_cp": -213.64154900997238,
      "avg_cp_loss": 220.80283803116504,
      "avg_win_pct": 67.15321057980044,
      "classification_rates": {
        "blunder": 0.11866567263668353,
        "inaccuracy": 0.1130120429119688,
        "mistake": 0.05586846007234892,
        "best": 0.07450778701741174,
        "ok": 0.5873467170372185
      }
    },
    "total": {
      "avg_delta_win_pct": -11.39058683725886,
      "avg_eval_delta_cp": -219.91828280074506,
      "avg_cp_loss": 227.42776815645638,
      "avg_win_pct": 42.81723076717802,
      "classification_rates": {
        "blunder": 0.12504673807264619,
        "inaccuracy": 0.11987580734480884,
        "mistake": 0.058680315281591386,
        "best": 0.0744610654590107,
        "ok": 0.579969747013092
      }
    }
  }
}