{
  "phase": "Middlegame",
  "lvl-1_vs_3x-o4-mini-2025-04-16-low_41mini-t03": {
    "games_processed": 30,
    "avg_delta_win_pct": -13.713640509355306,
    "avg_eval_delta_cp": -254.84970088041405,
    "avg_cp_loss": 261.4869827696855,
    "avg_win_pct": 43.51536597522086,
    "classification_rates": {
      "blunder": 0.15824714245198426,
      "inaccuracy": 0.10938943371089598,
      "mistake": 0.05805897861460236,
      "best": 0.09651735480173267,
      "ok": 0.5668774206547356
    }
  }
}