{
  "phase": "Middlegame",
  "lvl-1_vs_3x-o4-mini-2025-04-16-low_41mini-t03": {
    "games_processed": 30,
    "white": {
      "avg_delta_win_pct": -14.357723617677415,
      "avg_eval_delta_cp": -263.2380667536293,
      "avg_cp_loss": 269.7944428302274,
      "avg_win_pct": 29.340864923248386,
      "classification_rates": {
        "blunder": 0.16676135274586174,
        "inaccuracy": 0.0968301657070887,
        "mistake": 0.07083923453996442,
        "best": 0.09027133463022492,
        "ok": 0.568122264387533
      }
    },
    "black": {
      "avg_delta_win_pct": -13.044734901371362,
      "avg_eval_delta_cp": -246.1572185639704,
      "avg_cp_loss": 252.87009943700824,
      "avg_win_pct": 57.92435161519431,
      "classification_rates": {
        "blunder": 0.1496184888848408,
        "inaccuracy": 0.12244833800543209,
        "mistake": 0.04479910299733897,
        "best": 0.10282284065681609,
        "ok": 0.5659822437699972
      }
    },
    "total": {
      "avg_delta_win_pct": -13.713640509355306,
      "avg_eval_delta_cp": -254.84970088041405,
      "avg_cp_loss": 261.4869827696855,
      "avg_win_pct": 43.51536597522086,
      "classification_rates": {
        "blunder": 0.15824714245198426,
        "inaccuracy": 0.10938943371089598,
        "mistake": 0.05805897861460236,
        "best": 0.09651735480173267,
        "ok": 0.5668774206547356
      }
    }
  }
}