{
  "phase": "Opening",
  "lvl-1_vs_3x-o4-mini-2025-04-16-low_41mini-t03": {
    "games_processed": 30,
    "avg_delta_win_pct": -14.688054081741237,
    "avg_eval_delta_cp": -193.4047619047619,
    "avg_cp_loss": 194.09047619047618,
    "avg_win_pct": 42.30723123493349,
    "classification_rates": {
      "blunder": 0.16666666666666666,
      "inaccuracy": 0.1841269841269841,
      "mistake": 0.08571428571428572,
      "best": 0.0873015873015873,
      "ok": 0.47619047619047616
    }
  }
}