{
  "phase": "Opening",
  "lvl-1_vs_3x-o4-mini-2025-04-16-low_41mini-t03": {
    "games_processed": 30,
    "white": {
      "avg_delta_win_pct": -15.068298674486682,
      "avg_eval_delta_cp": -198.8242424242424,
      "avg_cp_loss": 199.4121212121212,
      "avg_win_pct": 37.75098503010829,
      "classification_rates": {
        "blunder": 0.16666666666666666,
        "inaccuracy": 0.19393939393939394,
        "mistake": 0.07575757575757576,
        "best": 0.07575757575757576,
        "ok": 0.48787878787878786
      }
    },
    "black": {
      "avg_delta_win_pct": -14.269785029721247,
      "avg_eval_delta_cp": -187.44333333333333,
      "avg_cp_loss": 188.23666666666668,
      "avg_win_pct": 47.319102060241214,
      "classification_rates": {
        "blunder": 0.16666666666666666,
        "inaccuracy": 0.17333333333333334,
        "mistake": 0.09666666666666666,
        "best": 0.1,
        "ok": 0.4633333333333333
      }
    },
    "total": {
      "avg_delta_win_pct": -14.688054081741237,
      "avg_eval_delta_cp": -193.4047619047619,
      "avg_cp_loss": 194.09047619047618,
      "avg_win_pct": 42.30723123493349,
      "classification_rates": {
        "blunder": 0.16666666666666666,
        "inaccuracy": 0.1841269841269841,
        "mistake": 0.08571428571428572,
        "best": 0.0873015873015873,
        "ok": 0.47619047619047616
      }
    }
  }
}