{
  "phase": "Overall",
  "lvl-1_vs_3x-o4-mini-2025-04-16-low_41mini-t03": {
    "games_processed": 30,
    "white": {
      "avg_delta_win_pct": -11.466030394101463,
      "avg_eval_delta_cp": -211.34387482933514,
      "avg_cp_loss": 228.56996715728565,
      "avg_win_pct": 58.085345021105,
      "classification_rates": {
        "blunder": 0.13145174906743679,
        "inaccuracy": 0.10386275079044836,
        "mistake": 0.05048213123051336,
        "best": 0.10623757411268667,
        "ok": 0.5987255055794243
      }
    },
    "black": {
      "avg_delta_win_pct": -11.951305967926169,
      "avg_eval_delta_cp": -221.85313417275938,
      "avg_cp_loss": 236.283495753197,
      "avg_win_pct": 30.249387834609283,
      "classification_rates": {
        "blunder": 0.1490588237719421,
        "inaccuracy": 0.08321159263339632,
        "mistake": 0.06275419339981583,
        "best": 0.1007593622026809,
        "ok": 0.6022338208212784
      }
    },
    "total": {
      "avg_delta_win_pct": -11.704118477750718,
      "avg_eval_delta_cp": -216.52001043140115,
      "avg_cp_loss": 232.3465223699164,
      "avg_win_pct": 44.25903544752444,
      "classification_rates": {
        "blunder": 0.14012024304458584,
        "inaccuracy": 0.09371273601695265,
        "mistake": 0.05651766207229013,
        "best": 0.10348427932548615,
        "ok": 0.6004774151291679
      }
    }
  }
}