{
  "phase": "Overall",
  "lvl-1_vs_3x-o4-mini-2025-04-16-low_41mini-t03": {
    "games_processed": 30,
    "avg_delta_win_pct": -11.704118477750718,
    "avg_eval_delta_cp": -216.52001043140115,
    "avg_cp_loss": 232.3465223699164,
    "avg_win_pct": 44.25903544752444,
    "classification_rates": {
      "blunder": 0.14012024304458584,
      "inaccuracy": 0.09371273601695265,
      "mistake": 0.05651766207229013,
      "best": 0.10348427932548615,
      "ok": 0.6004774151291679
    }
  }
}