{
  "phase": "Middlegame",
  "lvl-1_vs_o4-mini-2025-04-16-medium": {
    "games_processed": 30,
    "white": {
      "avg_delta_win_pct": -9.128891158366896,
      "avg_eval_delta_cp": -183.1506968611506,
      "avg_cp_loss": 195.53661470715332,
      "avg_win_pct": 57.52103903615397,
      "classification_rates": {
        "blunder": 0.12006562314113108,
        "inaccuracy": 0.08230720253038293,
        "mistake": 0.03302567861075135,
        "best": 0.20041682824611867,
        "ok": 0.5634270917140403
      }
    },
    "black": {
      "avg_delta_win_pct": -8.814549424640596,
      "avg_eval_delta_cp": -170.53603632181157,
      "avg_cp_loss": 187.59759692967964,
      "avg_win_pct": 31.69620498437833,
      "classification_rates": {
        "blunder": 0.11482277948646873,
        "inaccuracy": 0.06767425216585929,
        "mistake": 0.02518362900715842,
        "best": 0.18381788821072126,
        "ok": 0.6060934703936383
      }
    },
    "total": {
      "avg_delta_win_pct": -8.969797987664311,
      "avg_eval_delta_cp": -176.92011263513467,
      "avg_cp_loss": 191.58683802494997,
      "avg_win_pct": 44.89459331810763,
      "classification_rates": {
        "blunder": 0.11736018340343535,
        "inaccuracy": 0.07502535905516015,
        "mistake": 0.029257562390180913,
        "best": 0.19254994394464067,
        "ok": 0.5842198190760538
      }
    }
  }
}