{
  "phase": "Middlegame",
  "lvl-1_vs_o4-mini-2025-04-16-medium": {
    "games_processed": 30,
    "avg_delta_win_pct": -8.969797987664311,
    "avg_eval_delta_cp": -176.92011263513467,
    "avg_cp_loss": 191.58683802494997,
    "avg_win_pct": 44.89459331810763,
    "classification_rates": {
      "blunder": 0.11736018340343535,
      "inaccuracy": 0.07502535905516015,
      "mistake": 0.029257562390180913,
      "best": 0.19254994394464067,
      "ok": 0.5842198190760538
    }
  }
}