{
  "phase": "Opening",
  "lvl-1_vs_o4-mini-2025-04-16-medium": {
    "games_processed": 30,
    "avg_delta_win_pct": -11.23368491061778,
    "avg_eval_delta_cp": -156.02539682539683,
    "avg_cp_loss": 157.2253968253968,
    "avg_win_pct": 43.65901679767072,
    "classification_rates": {
      "blunder": 0.11428571428571428,
      "inaccuracy": 0.11587301587301586,
      "mistake": 0.09206349206349206,
      "best": 0.1111111111111111,
      "ok": 0.5666666666666667
    }
  }
}