{
  "phase": "Overall",
  "lvl-1_vs_o4-mini-2025-04-16-medium": {
    "games_processed": 30,
    "avg_delta_win_pct": -6.4155861063473445,
    "avg_eval_delta_cp": -109.6258351595741,
    "avg_cp_loss": 152.0076616435928,
    "avg_win_pct": 46.87729270418608,
    "classification_rates": {
      "blunder": 0.07479570415608304,
      "inaccuracy": 0.05931955382991936,
      "mistake": 0.030186864323484098,
      "best": 0.1957918795359535,
      "ok": 0.6331116765918338
    }
  }
}