{
  "phase": "Middlegame",
  "claude-3-7-sonnet-20250219": {
    "games_processed": 30,
    "white": {
      "avg_delta_win_pct": -11.290344145158809,
      "avg_eval_delta_cp": -247.1425995335519,
      "avg_cp_loss": 264.5642443969265,
      "avg_win_pct": 64.82579627383421,
      "classification_rates": {
        "blunder": 0.12422180422927176,
        "inaccuracy": 0.09984287508549342,
        "mistake": 0.04619645488059781,
        "best": 0.08092590305258351,
        "ok": 0.6117900980506173
      }
    },
    "black": {
      "avg_delta_win_pct": -11.616180138498667,
      "avg_eval_delta_cp": -252.77265141314788,
      "avg_cp_loss": 265.991614424077,
      "avg_win_pct": 19.71400473567828,
      "classification_rates": {
        "blunder": 0.12078459684035514,
        "inaccuracy": 0.10121096598552848,
        "mistake": 0.05090578125449357,
        "best": 0.06717412213641445,
        "ok": 0.6248628053881466
      }
    },
    "total": {
      "avg_delta_win_pct": -11.449396499340248,
      "avg_eval_delta_cp": -249.82461348013294,
      "avg_cp_loss": 265.1335361466188,
      "avg_win_pct": 42.43121052638375,
      "classification_rates": {
        "blunder": 0.12248323435993873,
        "inaccuracy": 0.10009380181575982,
        "mistake": 0.04865425144398248,
        "best": 0.07436478816680517,
        "ok": 0.618317998352353
      }
    }
  }
}