{
  "phase": "Middlegame",
  "claude-3-7-sonnet-20250219": {
    "games_processed": 30,
    "avg_delta_win_pct": -11.449396499340248,
    "avg_eval_delta_cp": -249.82461348013294,
    "avg_cp_loss": 265.1335361466188,
    "avg_win_pct": 42.43121052638375,
    "classification_rates": {
      "blunder": 0.12248323435993873,
      "inaccuracy": 0.10009380181575982,
      "mistake": 0.04865425144398248,
      "best": 0.07436478816680517,
      "ok": 0.618317998352353
    }
  }
}