{
  "phase": "Opening",
  "claude-3-7-sonnet-20250219": {
    "games_processed": 30,
    "avg_delta_win_pct": -15.017439851849641,
    "avg_eval_delta_cp": -219.07619047619048,
    "avg_cp_loss": 219.89523809523808,
    "avg_win_pct": 41.829795717377394,
    "classification_rates": {
      "blunder": 0.16952380952380952,
      "inaccuracy": 0.19428571428571428,
      "mistake": 0.061587301587301586,
      "best": 0.09365079365079365,
      "ok": 0.4809523809523809
    }
  }
}