{
  "phase": "Opening",
  "claude-3-7-sonnet-20250219": {
    "games_processed": 30,
    "white": {
      "avg_delta_win_pct": -15.89240575015481,
      "avg_eval_delta_cp": -233.4973484848485,
      "avg_cp_loss": 234.10340909090908,
      "avg_win_pct": 26.43870279455933,
      "classification_rates": {
        "blunder": 0.17386363636363636,
        "inaccuracy": 0.22537878787878787,
        "mistake": 0.06780303030303031,
        "best": 0.04242424242424243,
        "ok": 0.49053030303030304
      }
    },
    "black": {
      "avg_delta_win_pct": -14.053001302276838,
      "avg_eval_delta_cp": -203.18761904761905,
      "avg_cp_loss": 204.2409523809524,
      "avg_win_pct": 58.77462995079659,
      "classification_rates": {
        "blunder": 0.16476190476190478,
        "inaccuracy": 0.16,
        "mistake": 0.05476190476190476,
        "best": 0.15,
        "ok": 0.4704761904761905
      }
    },
    "total": {
      "avg_delta_win_pct": -15.017439851849641,
      "avg_eval_delta_cp": -219.07619047619048,
      "avg_cp_loss": 219.89523809523808,
      "avg_win_pct": 41.829795717377394,
      "classification_rates": {
        "blunder": 0.16952380952380952,
        "inaccuracy": 0.19428571428571428,
        "mistake": 0.061587301587301586,
        "best": 0.09365079365079365,
        "ok": 0.4809523809523809
      }
    }
  }
}