{
  "phase": "Overall",
  "claude-3-7-sonnet-20250219": {
    "games_processed": 30,
    "avg_delta_win_pct": -13.08748423986174,
    "avg_eval_delta_cp": -254.39965037638547,
    "avg_cp_loss": 293.95388114378477,
    "avg_win_pct": 43.46129447619452,
    "classification_rates": {
      "blunder": 0.16190214696408345,
      "inaccuracy": 0.08835393980870036,
      "mistake": 0.04280893840938545,
      "best": 0.08447471524256925,
      "ok": 0.6198706055992079
    }
  }
}