{
  "phase": "Middlegame",
  "lvl-1_vs_o4-mini-2025-04-16-low": {
    "games_processed": 30,
    "avg_delta_win_pct": -17.244865498820104,
    "avg_eval_delta_cp": -313.05897801915285,
    "avg_cp_loss": 322.3547017344078,
    "avg_win_pct": 41.9554668529004,
    "classification_rates": {
      "blunder": 0.21444876108231498,
      "inaccuracy": 0.08037117008585726,
      "mistake": 0.06880216718776903,
      "best": 0.13541211237424786,
      "ok": 0.49392683522665515
    }
  }
}