{
  "phase": "Opening",
  "lvl-1_vs_o4-mini-2025-04-16-low": {
    "games_processed": 30,
    "avg_delta_win_pct": -12.228728832720561,
    "avg_eval_delta_cp": -163.90952380952382,
    "avg_cp_loss": 165.4142857142857,
    "avg_win_pct": 43.66184509215494,
    "classification_rates": {
      "blunder": 0.13174603174603175,
      "inaccuracy": 0.17936507936507937,
      "mistake": 0.06666666666666667,
      "best": 0.12698412698412698,
      "ok": 0.4952380952380952
    }
  }
}