{
  "phase": "Opening",
  "lvl-1_vs_o4-mini-2025-04-16-low": {
    "games_processed": 30,
    "white": {
      "avg_delta_win_pct": -12.442898272991401,
      "avg_eval_delta_cp": -167.21515151515152,
      "avg_cp_loss": 168.65757575757576,
      "avg_win_pct": 37.330460511192655,
      "classification_rates": {
        "blunder": 0.12727272727272726,
        "inaccuracy": 0.19090909090909092,
        "mistake": 0.05757575757575758,
        "best": 0.12121212121212122,
        "ok": 0.503030303030303
      }
    },
    "black": {
      "avg_delta_win_pct": -11.993142448422635,
      "avg_eval_delta_cp": -160.27333333333334,
      "avg_cp_loss": 161.84666666666666,
      "avg_win_pct": 50.626368131213454,
      "classification_rates": {
        "blunder": 0.13666666666666666,
        "inaccuracy": 0.16666666666666666,
        "mistake": 0.07666666666666667,
        "best": 0.13333333333333333,
        "ok": 0.4866666666666667
      }
    },
    "total": {
      "avg_delta_win_pct": -12.228728832720561,
      "avg_eval_delta_cp": -163.90952380952382,
      "avg_cp_loss": 165.4142857142857,
      "avg_win_pct": 43.66184509215494,
      "classification_rates": {
        "blunder": 0.13174603174603175,
        "inaccuracy": 0.17936507936507937,
        "mistake": 0.06666666666666667,
        "best": 0.12698412698412698,
        "ok": 0.4952380952380952
      }
    }
  }
}