{
  "phase": "Overall",
  "lvl-1_vs_o4-mini-2025-04-16-low": {
    "games_processed": 30,
    "avg_delta_win_pct": -12.346030464853555,
    "avg_eval_delta_cp": -223.8343290898612,
    "avg_cp_loss": 238.74235763078502,
    "avg_win_pct": 43.96969333543583,
    "classification_rates": {
      "blunder": 0.14345826258662858,
      "inaccuracy": 0.10363147858562337,
      "mistake": 0.05688799186149022,
      "best": 0.13128003431356267,
      "ok": 0.5584365151488987
    }
  }
}