{
  "phase": "Overall",
  "lvl-1_vs_o4-mini-2025-04-16-low": {
    "games_processed": 30,
    "white": {
      "avg_delta_win_pct": -12.127809208634037,
      "avg_eval_delta_cp": -223.51291947546613,
      "avg_cp_loss": 230.93048309785647,
      "avg_win_pct": 51.96481438033358,
      "classification_rates": {
        "blunder": 0.13726405862539395,
        "inaccuracy": 0.1023305484035805,
        "mistake": 0.05583618996834545,
        "best": 0.13726327129647756,
        "ok": 0.5573859540631713
      }
    },
    "black": {
      "avg_delta_win_pct": -12.57122378114685,
      "avg_eval_delta_cp": -224.2730269257065,
      "avg_cp_loss": 246.71170504709954,
      "avg_win_pct": 35.886136773243685,
      "classification_rates": {
        "blunder": 0.1497506392203555,
        "inaccuracy": 0.10509202642947842,
        "mistake": 0.057967120235901747,
        "best": 0.1250928185482143,
        "ok": 0.559531171592411
      }
    },
    "total": {
      "avg_delta_win_pct": -12.346030464853555,
      "avg_eval_delta_cp": -223.8343290898612,
      "avg_cp_loss": 238.74235763078502,
      "avg_win_pct": 43.96969333543583,
      "classification_rates": {
        "blunder": 0.14345826258662858,
        "inaccuracy": 0.10363147858562337,
        "mistake": 0.05688799186149022,
        "best": 0.13128003431356267,
        "ok": 0.5584365151488987
      }
    }
  }
}