{
  "phase": "Middlegame",
  "o4-mini": {
    "games_processed": 30,
    "white": {
      "avg_delta_win_pct": -1.8231456829954502,
      "avg_eval_delta_cp": -47.29457057281995,
      "avg_cp_loss": 78.19652273281734,
      "avg_win_pct": 79.33190439506753,
      "classification_rates": {
        "blunder": 0.014923747276688453,
        "inaccuracy": 0.015791615791615792,
        "mistake": 0.01537209035661048,
        "best": 0.19458313610601843,
        "ok": 0.6549809619826873
      }
    },
    "black": {
      "avg_delta_win_pct": -2.5287771689631935,
      "avg_eval_delta_cp": -65.92383054792518,
      "avg_cp_loss": 103.20702851226467,
      "avg_win_pct": 14.598151783489717,
      "classification_rates": {
        "blunder": 0.025742092158500828,
        "inaccuracy": 0.02054093567251462,
        "mistake": 0.010582010582010581,
        "best": 0.16656674407685593,
        "ok": 0.6893154878095705
      }
    },
    "total": {
      "avg_delta_win_pct": -2.159966763936039,
      "avg_eval_delta_cp": -55.7815769493819,
      "avg_cp_loss": 89.87410719842632,
      "avg_win_pct": 49.58436659254092,
      "classification_rates": {
        "blunder": 0.02013288370286342,
        "inaccuracy": 0.017916860466556207,
        "mistake": 0.013085557304624242,
        "best": 0.1837089678009401,
        "ok": 0.6661586993248151
      }
    }
  }
}