{
  "phase": "Overall",
  "o4-mini": {
    "games_processed": 30,
    "white": {
      "avg_delta_win_pct": -4.928650705923631,
      "avg_eval_delta_cp": -97.17367809573379,
      "avg_cp_loss": 123.49945254497432,
      "avg_win_pct": 10.09315941336231,
      "classification_rates": {
        "blunder": 0.043043798403603145,
        "inaccuracy": 0.06994732718634666,
        "mistake": 0.015501790551483981,
        "best": 0.16831776994504527,
        "ok": 0.7028147820783149
      }
    },
    "black": {
      "avg_delta_win_pct": -3.479747010825158,
      "avg_eval_delta_cp": -70.62424636813071,
      "avg_cp_loss": 100.30037759372924,
      "avg_win_pct": 86.49070158458812,
      "classification_rates": {
        "blunder": 0.03576175003739809,
        "inaccuracy": 0.02934462028402012,
        "mistake": 0.012445142727272155,
        "best": 0.21231546121178285,
        "ok": 0.6796951800105748
      }
    },
    "total": {
      "avg_delta_win_pct": -4.204181512831462,
      "avg_eval_delta_cp": -83.89024482072246,
      "avg_cp_loss": 111.89138220692442,
      "avg_win_pct": 48.284147555418016,
      "classification_rates": {
        "blunder": 0.03940168015280019,
        "inaccuracy": 0.04964703173471787,
        "mistake": 0.013973454616656085,
        "best": 0.19032065521300026,
        "ok": 0.6912499315012122
      }
    }
  }
}