{
  "phase": "Middlegame",
  "lvl-3_vs_grok-3-mini-beta-high": {
    "games_processed": 30,
    "avg_delta_win_pct": -7.6002723799900185,
    "avg_eval_delta_cp": -149.99188139073382,
    "avg_cp_loss": 165.0936353164724,
    "avg_win_pct": 45.987080806747784,
    "classification_rates": {
      "blunder": 0.0826592509451965,
      "inaccuracy": 0.08494195693357177,
      "mistake": 0.03016789325832687,
      "best": 0.18650974217375815,
      "ok": 0.6111135021403796
    }
  }
}