{
  "phase": "Middlegame",
  "lvl-3_vs_grok-3-mini-beta-high": {
    "games_processed": 30,
    "white": {
      "avg_delta_win_pct": -7.707290469017429,
      "avg_eval_delta_cp": -151.10966318159646,
      "avg_cp_loss": 168.07220642204973,
      "avg_win_pct": 41.64454849579476,
      "classification_rates": {
        "blunder": 0.08249142280287998,
        "inaccuracy": 0.08586809477955341,
        "mistake": 0.03612314671588865,
        "best": 0.16591263264152142,
        "ok": 0.6283701351589219
      }
    },
    "black": {
      "avg_delta_win_pct": -7.493644160470689,
      "avg_eval_delta_cp": -148.93027788552607,
      "avg_cp_loss": 162.1024326532041,
      "avg_win_pct": 50.43142672322881,
      "classification_rates": {
        "blunder": 0.08283947235436966,
        "inaccuracy": 0.08407606982208506,
        "mistake": 0.023996485873479113,
        "best": 0.20761178787918091,
        "ok": 0.5935187366085712
      }
    },
    "total": {
      "avg_delta_win_pct": -7.6002723799900185,
      "avg_eval_delta_cp": -149.99188139073382,
      "avg_cp_loss": 165.0936353164724,
      "avg_win_pct": 45.987080806747784,
      "classification_rates": {
        "blunder": 0.0826592509451965,
        "inaccuracy": 0.08494195693357177,
        "mistake": 0.03016789325832687,
        "best": 0.18650974217375815,
        "ok": 0.6111135021403796
      }
    }
  }
}