{
  "phase": "Opening",
  "lvl-3_vs_grok-3-mini-beta-high": {
    "games_processed": 30,
    "white": {
      "avg_delta_win_pct": -10.967978094782897,
      "avg_eval_delta_cp": -150.77878787878788,
      "avg_cp_loss": 151.73636363636365,
      "avg_win_pct": 43.543197391455685,
      "classification_rates": {
        "blunder": 0.11818181818181818,
        "inaccuracy": 0.16363636363636364,
        "mistake": 0.030303030303030304,
        "best": 0.1272727272727273,
        "ok": 0.5606060606060606
      }
    },
    "black": {
      "avg_delta_win_pct": -11.409184518135442,
      "avg_eval_delta_cp": -155.74666666666667,
      "avg_cp_loss": 157.64,
      "avg_win_pct": 45.408308823137475,
      "classification_rates": {
        "blunder": 0.15333333333333335,
        "inaccuracy": 0.14666666666666667,
        "mistake": 0.05,
        "best": 0.17,
        "ok": 0.48
      }
    },
    "total": {
      "avg_delta_win_pct": -11.178076391617441,
      "avg_eval_delta_cp": -153.14444444444445,
      "avg_cp_loss": 154.54761904761904,
      "avg_win_pct": 44.431345692256535,
      "classification_rates": {
        "blunder": 0.1349206349206349,
        "inaccuracy": 0.15555555555555556,
        "mistake": 0.03968253968253968,
        "best": 0.14761904761904762,
        "ok": 0.5222222222222223
      }
    }
  }
}