{
  "phase": "Opening",
  "lvl-3_vs_grok-3-mini-beta-high": {
    "games_processed": 30,
    "avg_delta_win_pct": -11.178076391617441,
    "avg_eval_delta_cp": -153.14444444444445,
    "avg_cp_loss": 154.54761904761904,
    "avg_win_pct": 44.431345692256535,
    "classification_rates": {
      "blunder": 0.1349206349206349,
      "inaccuracy": 0.15555555555555556,
      "mistake": 0.03968253968253968,
      "best": 0.14761904761904762,
      "ok": 0.5222222222222223
    }
  }
}