{
  "phase": "Overall",
  "lvl-3_vs_grok-3-mini-beta-high": {
    "games_processed": 30,
    "white": {
      "avg_delta_win_pct": -5.685408146580125,
      "avg_eval_delta_cp": -104.43042715624084,
      "avg_cp_loss": 129.9714841269242,
      "avg_win_pct": 39.709509894947246,
      "classification_rates": {
        "blunder": 0.062370064339840256,
        "inaccuracy": 0.065437448787559,
        "mistake": 0.018219703274605578,
        "best": 0.20574246139040897,
        "ok": 0.6376411737128747
      }
    },
    "black": {
      "avg_delta_win_pct": -5.911478053739896,
      "avg_eval_delta_cp": -103.59956644459307,
      "avg_cp_loss": 147.2554943964785,
      "avg_win_pct": 54.6181994017117,
      "classification_rates": {
        "blunder": 0.06981781223352558,
        "inaccuracy": 0.05988904212013255,
        "mistake": 0.027195322049458855,
        "best": 0.160127050551747,
        "ok": 0.6808801689902463
      }
    },
    "total": {
      "avg_delta_win_pct": -5.796345463758906,
      "avg_eval_delta_cp": -103.99424498871407,
      "avg_cp_loss": 138.5555118768953,
      "avg_win_pct": 47.20707187139237,
      "classification_rates": {
        "blunder": 0.0660538938499703,
        "inaccuracy": 0.06271021746451998,
        "mistake": 0.022649910431627902,
        "best": 0.18308327906378785,
        "ok": 0.6591041354275851
      }
    }
  }
}