{
  "phase": "Overall",
  "lvl-3_vs_grok-3-mini-beta-high": {
    "games_processed": 30,
    "avg_delta_win_pct": -5.796345463758906,
    "avg_eval_delta_cp": -103.99424498871407,
    "avg_cp_loss": 138.5555118768953,
    "avg_win_pct": 47.20707187139237,
    "classification_rates": {
      "blunder": 0.0660538938499703,
      "inaccuracy": 0.06271021746451998,
      "mistake": 0.022649910431627902,
      "best": 0.18308327906378785,
      "ok": 0.6591041354275851
    }
  }
}