{
  "phase": "Middlegame",
  "lvl-10_vs_o3-2025-04-16-medium_timeout-60m": {
    "games_processed": 11,
    "white": {
      "avg_delta_win_pct": -8.315874022439287,
      "avg_eval_delta_cp": -127.94338161838162,
      "avg_cp_loss": 131.12933732933732,
      "avg_win_pct": 30.657700538514398,
      "classification_rates": {
        "blunder": 0.118997668997669,
        "inaccuracy": 0.09393939393939395,
        "mistake": 0.002331002331002331,
        "best": 0.3789210789210789,
        "ok": 0.4058108558108558
      }
    },
    "black": {
      "avg_delta_win_pct": -3.3765350686629647,
      "avg_eval_delta_cp": -53.804050116550115,
      "avg_cp_loss": 63.843310855810856,
      "avg_win_pct": 66.78986842688904,
      "classification_rates": {
        "blunder": 0.009090909090909092,
        "inaccuracy": 0.11500582750582751,
        "mistake": 0.018181818181818184,
        "best": 0.3909798534798535,
        "ok": 0.44195387945387943
      }
    },
    "total": {
      "avg_delta_win_pct": -5.846204545551126,
      "avg_eval_delta_cp": -90.87371586746586,
      "avg_cp_loss": 97.4863240925741,
      "avg_win_pct": 48.723784482701724,
      "classification_rates": {
        "blunder": 0.06404428904428905,
        "inaccuracy": 0.10447261072261073,
        "mistake": 0.010256410256410256,
        "best": 0.3849504662004662,
        "ok": 0.42388236763236764
      }
    }
  }
}