{
  "phase": "Middlegame",
  "lvl-10_vs_o3-2025-04-16-medium_timeout-60m": {
    "games_processed": 11,
    "avg_delta_win_pct": -5.846204545551126,
    "avg_eval_delta_cp": -90.87371586746586,
    "avg_cp_loss": 97.4863240925741,
    "avg_win_pct": 48.723784482701724,
    "classification_rates": {
      "blunder": 0.06404428904428905,
      "inaccuracy": 0.10447261072261073,
      "mistake": 0.010256410256410256,
      "best": 0.3849504662004662,
      "ok": 0.42388236763236764
    }
  }
}