{
  "phase": "Opening",
  "lvl-10_vs_o3-2025-04-16-medium_timeout-60m": {
    "games_processed": 11,
    "avg_delta_win_pct": -4.127849312167817,
    "avg_eval_delta_cp": -54.74891774891775,
    "avg_cp_loss": 56.341991341991346,
    "avg_win_pct": 48.00179963394379,
    "classification_rates": {
      "blunder": 0.021645021645021644,
      "inaccuracy": 0.09956709956709957,
      "mistake": 0.017316017316017316,
      "best": 0.3463203463203463,
      "ok": 0.5151515151515151
    }
  }
}