{
  "phase": "Opening",
  "lvl-10_vs_o3-2025-04-16-medium_timeout-60m": {
    "games_processed": 11,
    "white": {
      "avg_delta_win_pct": -4.221609154714331,
      "avg_eval_delta_cp": -56.289256198347104,
      "avg_cp_loss": 56.86776859504132,
      "avg_win_pct": 47.54785340996061,
      "classification_rates": {
        "blunder": 0.0,
        "inaccuracy": 0.12396694214876033,
        "mistake": 0.024793388429752067,
        "best": 0.2809917355371901,
        "ok": 0.5702479338842975
      }
    },
    "black": {
      "avg_delta_win_pct": -4.024713485366654,
      "avg_eval_delta_cp": -53.054545454545455,
      "avg_cp_loss": 55.763636363636365,
      "avg_win_pct": 48.50114048032529,
      "classification_rates": {
        "blunder": 0.045454545454545456,
        "inaccuracy": 0.07272727272727274,
        "mistake": 0.009090909090909092,
        "best": 0.41818181818181815,
        "ok": 0.45454545454545453
      }
    },
    "total": {
      "avg_delta_win_pct": -4.127849312167817,
      "avg_eval_delta_cp": -54.74891774891775,
      "avg_cp_loss": 56.341991341991346,
      "avg_win_pct": 48.00179963394379,
      "classification_rates": {
        "blunder": 0.021645021645021644,
        "inaccuracy": 0.09956709956709957,
        "mistake": 0.017316017316017316,
        "best": 0.3463203463203463,
        "ok": 0.5151515151515151
      }
    }
  }
}