{
  "phase": "Overall",
  "lvl-10_vs_o3-2025-04-16-medium_timeout-60m": {
    "games_processed": 11,
    "avg_delta_win_pct": -3.1410500907737346,
    "avg_eval_delta_cp": -41.48027237442239,
    "avg_cp_loss": 80.4001571348498,
    "avg_win_pct": 48.749041936801866,
    "classification_rates": {
      "blunder": 0.020218767187827835,
      "inaccuracy": 0.05834397565654306,
      "mistake": 0.01499885357754939,
      "best": 0.36281230209335236,
      "ok": 0.5335555823328153
    }
  }
}