{
  "phase": "Middlegame",
  "lvl-1_vs_o4-mini-2025-04-16-high": {
    "games_processed": 30,
    "white": {
      "avg_delta_win_pct": -5.658640300125768,
      "avg_eval_delta_cp": -116.03455666116048,
      "avg_cp_loss": 133.5201808264477,
      "avg_win_pct": 63.83627837731252,
      "classification_rates": {
        "blunder": 0.07062778308093151,
        "inaccuracy": 0.05470983528798371,
        "mistake": 0.014782608695652174,
        "best": 0.24365034878359465,
        "ok": 0.5395759849983988
      }
    },
    "black": {
      "avg_delta_win_pct": -5.313811465897299,
      "avg_eval_delta_cp": -110.17547035465418,
      "avg_cp_loss": 125.7390938827126,
      "avg_win_pct": 21.7125909869011,
      "classification_rates": {
        "blunder": 0.06305569102791138,
        "inaccuracy": 0.05273303910116599,
        "mistake": 0.010827988968973624,
        "best": 0.27605577718906776,
        "ok": 0.5217204718558494
      }
    },
    "total": {
      "avg_delta_win_pct": -5.480362486595609,
      "avg_eval_delta_cp": -113.02646106954971,
      "avg_cp_loss": 129.44644882243153,
      "avg_win_pct": 43.03294692891869,
      "classification_rates": {
        "blunder": 0.06677768489284606,
        "inaccuracy": 0.05368376226009909,
        "mistake": 0.012798655149198626,
        "best": 0.25963498352821296,
        "ok": 0.530745885701875
      }
    }
  }
}