{
  "phase": "Middlegame",
  "lvl-1_vs_o4-mini-2025-04-16-high": {
    "games_processed": 30,
    "avg_delta_win_pct": -5.480362486595609,
    "avg_eval_delta_cp": -113.02646106954971,
    "avg_cp_loss": 129.44644882243153,
    "avg_win_pct": 43.03294692891869,
    "classification_rates": {
      "blunder": 0.06677768489284606,
      "inaccuracy": 0.05368376226009909,
      "mistake": 0.012798655149198626,
      "best": 0.25963498352821296,
      "ok": 0.530745885701875
    }
  }
}