{
  "phase": "Opening",
  "lvl-1_vs_o4-mini-2025-04-16-high": {
    "games_processed": 30,
    "avg_delta_win_pct": -8.06266445173705,
    "avg_eval_delta_cp": -113.06613756613757,
    "avg_cp_loss": 114.75396825396825,
    "avg_win_pct": 45.44652661512431,
    "classification_rates": {
      "blunder": 0.0746031746031746,
      "inaccuracy": 0.1074074074074074,
      "mistake": 0.020634920634920634,
      "best": 0.1656084656084656,
      "ok": 0.6301587301587301
    }
  }
}