{
  "phase": "Overall",
  "lvl-1_vs_o4-mini-2025-04-16-high": {
    "games_processed": 30,
    "avg_delta_win_pct": -5.661396352045969,
    "avg_eval_delta_cp": -103.2852390860915,
    "avg_cp_loss": 133.17819370294924,
    "avg_win_pct": 47.28004809579074,
    "classification_rates": {
      "blunder": 0.060597692178561306,
      "inaccuracy": 0.06576980766445169,
      "mistake": 0.01526042203438613,
      "best": 0.23785969322796743,
      "ok": 0.6114637646377538
    }
  }
}