{
  "phase": "Middlegame",
  "lvl-2_vs_o3-mini-2025-01-31-high": {
    "games_processed": 30,
    "avg_delta_win_pct": -6.125757193323576,
    "avg_eval_delta_cp": -130.51658974010567,
    "avg_cp_loss": 145.93382653800063,
    "avg_win_pct": 46.78853883678661,
    "classification_rates": {
      "blunder": 0.06272831578261306,
      "inaccuracy": 0.055062174728924315,
      "mistake": 0.018123346959784733,
      "best": 0.20803361446698404,
      "ok": 0.6495056561520552
    }
  }
}