{
  "phase": "Middlegame",
  "lvl-2_vs_o3-mini-2025-01-31-high": {
    "games_processed": 30,
    "white": {
      "avg_delta_win_pct": -5.971140602544606,
      "avg_eval_delta_cp": -128.87552132797234,
      "avg_cp_loss": 140.98853076436197,
      "avg_win_pct": 57.9224231687065,
      "classification_rates": {
        "blunder": 0.06257706621535736,
        "inaccuracy": 0.054124729132335625,
        "mistake": 0.020140000363822276,
        "best": 0.23118420620545718,
        "ok": 0.6299818544242172
      }
    },
    "black": {
      "avg_delta_win_pct": -6.300807255535705,
      "avg_eval_delta_cp": -132.34326774481167,
      "avg_cp_loss": 151.2326297082383,
      "avg_win_pct": 35.917009421850715,
      "classification_rates": {
        "blunder": 0.06313411311996664,
        "inaccuracy": 0.055758826498542996,
        "mistake": 0.015939535647133112,
        "best": 0.18317709956144865,
        "ok": 0.6709207865137559
      }
    },
    "total": {
      "avg_delta_win_pct": -6.125757193323576,
      "avg_eval_delta_cp": -130.51658974010567,
      "avg_cp_loss": 145.93382653800063,
      "avg_win_pct": 46.78853883678661,
      "classification_rates": {
        "blunder": 0.06272831578261306,
        "inaccuracy": 0.055062174728924315,
        "mistake": 0.018123346959784733,
        "best": 0.20803361446698404,
        "ok": 0.6495056561520552
      }
    }
  }
}