{
  "phase": "Opening",
  "lvl-2_vs_o3-mini-2025-01-31-high": {
    "games_processed": 30,
    "white": {
      "avg_delta_win_pct": -12.635520106520204,
      "avg_eval_delta_cp": -179.29090909090908,
      "avg_cp_loss": 180.12727272727273,
      "avg_win_pct": 34.530889107007184,
      "classification_rates": {
        "blunder": 0.15454545454545454,
        "inaccuracy": 0.09696969696969697,
        "mistake": 0.06363636363636363,
        "best": 0.09393939393939395,
        "ok": 0.5909090909090909
      }
    },
    "black": {
      "avg_delta_win_pct": -11.316552849053567,
      "avg_eval_delta_cp": -155.28,
      "avg_cp_loss": 156.90666666666667,
      "avg_win_pct": 53.45823757122935,
      "classification_rates": {
        "blunder": 0.18333333333333335,
        "inaccuracy": 0.08666666666666667,
        "mistake": 0.030000000000000002,
        "best": 0.18333333333333335,
        "ok": 0.5166666666666666
      }
    },
    "total": {
      "avg_delta_win_pct": -12.007440460107519,
      "avg_eval_delta_cp": -167.85714285714286,
      "avg_cp_loss": 169.06984126984128,
      "avg_win_pct": 43.543912185208214,
      "classification_rates": {
        "blunder": 0.16825396825396824,
        "inaccuracy": 0.09206349206349206,
        "mistake": 0.047619047619047616,
        "best": 0.1365079365079365,
        "ok": 0.5555555555555556
      }
    }
  }
}