{
  "phase": "Opening",
  "lvl-2_vs_o3-mini-2025-01-31-high": {
    "games_processed": 30,
    "avg_delta_win_pct": -12.007440460107519,
    "avg_eval_delta_cp": -167.85714285714286,
    "avg_cp_loss": 169.06984126984128,
    "avg_win_pct": 43.543912185208214,
    "classification_rates": {
      "blunder": 0.16825396825396824,
      "inaccuracy": 0.09206349206349206,
      "mistake": 0.047619047619047616,
      "best": 0.1365079365079365,
      "ok": 0.5555555555555556
    }
  }
}