{
  "phase": "Overall",
  "lvl-2_vs_o3-mini-2025-01-31-high": {
    "games_processed": 30,
    "white": {
      "avg_delta_win_pct": -5.436788750799998,
      "avg_eval_delta_cp": -102.2337998885316,
      "avg_cp_loss": 129.66447309916802,
      "avg_win_pct": 23.233825486597016,
      "classification_rates": {
        "blunder": 0.06373603929897927,
        "inaccuracy": 0.0444198266627833,
        "mistake": 0.018696100184600075,
        "best": 0.21037071417566253,
        "ok": 0.6580516643230445
      }
    },
    "black": {
      "avg_delta_win_pct": -5.108484156633938,
      "avg_eval_delta_cp": -83.47113003110894,
      "avg_cp_loss": 122.85524893239233,
      "avg_win_pct": 71.79122998582557,
      "classification_rates": {
        "blunder": 0.06470349762234431,
        "inaccuracy": 0.04154747517095789,
        "mistake": 0.014136630625354448,
        "best": 0.19168247169952304,
        "ok": 0.6796836839657124
      }
    },
    "total": {
      "avg_delta_win_pct": -5.272390782691287,
      "avg_eval_delta_cp": -92.85792427005669,
      "avg_cp_loss": 126.26231793227538,
      "avg_win_pct": 47.474147964227114,
      "classification_rates": {
        "blunder": 0.06419304144816688,
        "inaccuracy": 0.042996966003782965,
        "mistake": 0.01640013873327766,
        "best": 0.2009198530912113,
        "ok": 0.6689692899137554
      }
    }
  }
}