{
  "phase": "Overall",
  "lvl-2_vs_o3-mini-2025-01-31-high": {
    "games_processed": 30,
    "avg_delta_win_pct": -5.272390782691287,
    "avg_eval_delta_cp": -92.85792427005669,
    "avg_cp_loss": 126.26231793227538,
    "avg_win_pct": 47.474147964227114,
    "classification_rates": {
      "blunder": 0.06419304144816688,
      "inaccuracy": 0.042996966003782965,
      "mistake": 0.01640013873327766,
      "best": 0.2009198530912113,
      "ok": 0.6689692899137554
    }
  }
}