{
  "phase": "Middlegame",
  "CHESS_ENGINE_DRAGON_vs_LLM_BLACK": {
    "games_processed": 2,
    "white": {
      "avg_delta_win_pct": -13.994221517454527,
      "avg_eval_delta_cp": -244.725,
      "avg_cp_loss": 246.29642857142858,
      "avg_win_pct": 14.273837867265385,
      "classification_rates": {
        "blunder": 0.13571428571428573,
        "inaccuracy": 0.27142857142857146,
        "mistake": 0.05,
        "best": 0.12142857142857143,
        "ok": 0.4214285714285715
      }
    },
    "black": {
      "avg_delta_win_pct": -14.11831968285159,
      "avg_eval_delta_cp": -249.34722222222223,
      "avg_cp_loss": 249.6329365079365,
      "avg_win_pct": 70.51110082560916,
      "classification_rates": {
        "blunder": 0.16468253968253968,
        "inaccuracy": 0.23809523809523808,
        "mistake": 0.0,
        "best": 0.09126984126984126,
        "ok": 0.5059523809523809
      }
    },
    "total": {
      "avg_delta_win_pct": -14.079414662301144,
      "avg_eval_delta_cp": -247.42763157894737,
      "avg_cp_loss": 248.3562030075188,
      "avg_win_pct": 41.6480856252289,
      "classification_rates": {
        "blunder": 0.149906015037594,
        "inaccuracy": 0.2556390977443609,
        "mistake": 0.02631578947368421,
        "best": 0.106203007518797,
        "ok": 0.4619360902255639
      }
    }
  }
}