{
  "phase": "Middlegame",
  "CHESS_ENGINE_DRAGON_vs_LLM_BLACK": {
    "games_processed": 2,
    "avg_delta_win_pct": -14.079414662301144,
    "avg_eval_delta_cp": -247.42763157894737,
    "avg_cp_loss": 248.3562030075188,
    "avg_win_pct": 41.6480856252289,
    "classification_rates": {
      "blunder": 0.149906015037594,
      "inaccuracy": 0.2556390977443609,
      "mistake": 0.02631578947368421,
      "best": 0.106203007518797,
      "ok": 0.4619360902255639
    }
  }
}