{
  "phase": "Opening",
  "CHESS_ENGINE_DRAGON_vs_LLM_BLACK": {
    "games_processed": 2,
    "avg_delta_win_pct": -16.530611578331435,
    "avg_eval_delta_cp": -208.21428571428572,
    "avg_cp_loss": 209.59523809523807,
    "avg_win_pct": 42.43851001113198,
    "classification_rates": {
      "blunder": 0.21428571428571427,
      "inaccuracy": 0.23809523809523808,
      "mistake": 0.0,
      "best": 0.09523809523809523,
      "ok": 0.45238095238095233
    }
  }
}