{
  "phase": "Opening",
  "CHESS_ENGINE_DRAGON_vs_LLM_BLACK": {
    "games_processed": 2,
    "white": {
      "avg_delta_win_pct": -14.617432451762529,
      "avg_eval_delta_cp": -180.72727272727272,
      "avg_cp_loss": 182.54545454545456,
      "avg_win_pct": 46.7134046893865,
      "classification_rates": {
        "blunder": 0.18181818181818182,
        "inaccuracy": 0.13636363636363635,
        "mistake": 0.0,
        "best": 0.09090909090909091,
        "ok": 0.5909090909090909
      }
    },
    "black": {
      "avg_delta_win_pct": -18.63510861755723,
      "avg_eval_delta_cp": -238.45,
      "avg_cp_loss": 239.35,
      "avg_win_pct": 37.73612586505201,
      "classification_rates": {
        "blunder": 0.25,
        "inaccuracy": 0.35,
        "mistake": 0.0,
        "best": 0.1,
        "ok": 0.3
      }
    },
    "total": {
      "avg_delta_win_pct": -16.530611578331435,
      "avg_eval_delta_cp": -208.21428571428572,
      "avg_cp_loss": 209.59523809523807,
      "avg_win_pct": 42.43851001113198,
      "classification_rates": {
        "blunder": 0.21428571428571427,
        "inaccuracy": 0.23809523809523808,
        "mistake": 0.0,
        "best": 0.09523809523809523,
        "ok": 0.45238095238095233
      }
    }
  }
}