{
  "phase": "Overall",
  "CHESS_ENGINE_DRAGON_vs_LLM_BLACK": {
    "games_processed": 2,
    "white": {
      "avg_delta_win_pct": -9.770198961837309,
      "avg_eval_delta_cp": -171.5769230769231,
      "avg_cp_loss": 172.31410256410257,
      "avg_win_pct": 53.71466620745178,
      "classification_rates": {
        "blunder": 0.09829059829059829,
        "inaccuracy": 0.1613247863247863,
        "mistake": 0.00641025641025641,
        "best": 0.12606837606837606,
        "ok": 0.5876068376068376
      }
    },
    "black": {
      "avg_delta_win_pct": -10.698569492005568,
      "avg_eval_delta_cp": -186.66623376623377,
      "avg_cp_loss": 199.58051948051948,
      "avg_win_pct": 36.1534386615791,
      "classification_rates": {
        "blunder": 0.10779220779220779,
        "inaccuracy": 0.21298701298701297,
        "mistake": 0.02077922077922078,
        "best": 0.12077922077922078,
        "ok": 0.5376623376623376
      }
    },
    "total": {
      "avg_delta_win_pct": -10.228084338394492,
      "avg_eval_delta_cp": -179.0107223989096,
      "avg_cp_loss": 185.79572921399364,
      "avg_win_pct": 45.08464781626118,
      "classification_rates": {
        "blunder": 0.10295320308950479,
        "inaccuracy": 0.18686960472512493,
        "mistake": 0.013493866424352567,
        "best": 0.12348932303498408,
        "ok": 0.562925942753294
      }
    }
  }
}