{
  "phase": "Overall",
  "CHESS_ENGINE_DRAGON_vs_LLM_BLACK": {
    "games_processed": 2,
    "avg_delta_win_pct": -10.228084338394492,
    "avg_eval_delta_cp": -179.0107223989096,
    "avg_cp_loss": 185.79572921399364,
    "avg_win_pct": 45.08464781626118,
    "classification_rates": {
      "blunder": 0.10295320308950479,
      "inaccuracy": 0.18686960472512493,
      "mistake": 0.013493866424352567,
      "best": 0.12348932303498408,
      "ok": 0.562925942753294
    }
  }
}